0,1,2,3,4,5,6,7,8,9,10,11,12,13,14,15,16,17,18,19,20,21,22,23,24,25,26,27,28,29,30,31,32,33,34,35,36,37,38,39,40,41,42,43,44,45,46,47,48,49,50,51,52,53,54,55,56,57,58,59,60,61,62,63,64,65,66,67,68,69,70,71,72,73,74,75,76,77,78,79,80,81,82,83,84,85,86,87,88,89,90,91,92,93,94,95,96,97,98,99,100,101,102,103,104,105,106,107,108,109,110,111,112,113,114,115,116,117,118,119,120,121,122,123,124,125,126,127,128,129,130,131,132,133,134,135,136,137,138,139,140,141,142,143,144,145,146,147,148,149,150,151,152,153,154,155,156,157,158,159,160,161,162,163,164,165,166,167,168,169,170,171,172,173,174,175,176,177,178,179,180,181,182,183,184,185,186,187,188,189,190,191,192,193,194,195,196,197,198,199,200,201,202,203,204,205,206,207,208,209,210,211,212,213,214,215,216,217,218,219,220,221,222,223,224,225,226,227,228,229,230,231,232,233,234,235,236,237,238,239,240,241,242,243,244,245,246,247,248,249,250,251,252,253,254,255,256,257,258,259,260,261,262,263,264,Enemy
-1.0,-1.0,0.9874823039510208,-1.0,-1.0,-0.9886828752389044,-1.0,1.0,0.99395558254301,0.9276656146442412,-0.9997368157054616,0.9269522012134848,-0.997231691940833,1.0,-0.9802478336563968,-0.996922395430486,0.1305620212964072,1.0,-1.0,-1.0,1.0,-0.4968214166919765,0.7725086456448739,-0.9838945594745568,0.9909788501234283,-1.0,0.9950994936306048,1.0,1.0,1.0,-1.0,-0.9978269165409888,0.6750697406053846,1.0,0.1073339864938039,-1.0,-1.0,-0.7642777437618569,-0.9731459374842546,0.997735995396656,-1.0,0.3009621809665549,1.0,-1.0,-1.0,-1.0,-0.9985690319807896,1.0,-0.9968534691584742,-1.0,1.0,1.0,-1.0,0.8428305380956822,1.0,-1.0,-1.0,1.0,-1.0,0.9891480637545408,-1.0,1.0,-1.0,-0.9862644321397118,1.0,0.9903868872399104,-1.0,-1.0,0.814609981639542,-1.0,1.0,-1.0,0.9899441318585964,-1.0,-1.0,1.0,1.0,1.0,0.6671912564003534,-1.0,0.997509053649382,0.5713496093596236,-0.3490659470682724,-1.0,-1.0,0.976976188896252,-1.0,1.0,-0.9875046243093044,0.9995186203725136,-1.0,-0.9957447757373724,0.5105367361383719,-0.5488972817897866,0.9959604314485444,1.0,-0.5247944700275017,-0.0629332159090925,-1.0,0.5750042339437429,-1.0,-0.9903422289610436,-0.8740897598310402,0.5737231598180683,1.0,0.9933995681273564,-1.0,0.9740777586735369,1.0,-1.0,-1.0,0.9729556328847826,-0.9910001340502388,-0.3165401630992987,0.0286276349667826,-1.0,0.9960312001593096,0.9990386948288832,-0.9970912707667072,1.0,0.974615321814831,-1.0,1.0,-1.0,1.0,0.9970900968888886,1.0,-1.0,-0.8581957961574372,-1.0,-0.9714381017670448,1.0,-0.998843655044926,-1.0,1.0,1.0,1.0,-1.0,0.996095138385103,0.0069051279226628,-0.7237384172009742,0.9913686578893148,-0.9980827046016896,1.0,-0.4730743231074325,0.9935167872798816,-1.0,-0.9774502141506868,0.9975724331932988,-0.9909307177856718,0.9888446298037636,-0.987128308991737,1.0,-1.0,1.0,1.0,0.9973047197368652,-1.0,-1.0,1.0,0.9909103291945728,1.0,-1.0,-1.0,-1.0,-0.4300437605118336,-1.0,-1.0,0.4590297070173215,0.9934106458578018,1.0,0.9938121762021308,1.0,1.0,-1.0,1.0,1.0,-0.7674342433673863,-0.9807004129080124,1.0,-0.6750130203815204,-1.0,-1.0,0.9942998687709176,0.9985417981958185,-0.9865127727200904,-0.9945804360268288,0.9903124346997582,1.0,-1.0,1.0,-1.0,0.968475275997117,-0.9938054302773586,-0.9934434925006268,-0.7798736069792567,-1.0,1.0,0.9998067699915326,0.903244740650963,1.0,-1.0,0.9900287218519724,-1.0,-0.9967945373294494,0.9870702881903246,-1.0,1.0,-1.0,-1.0,-1.0,-1.0,1.0,-1.0,-0.9998386859440104,-1.0,-1.0,0.9674109408175192,-0.9903198817566052,1.0,-1.0,1.0,-1.0,1.0,1.0,-0.7849745826452675,1.0,-1.0,-1.0,0.1615111402352964,1.0,1.0,-0.9989598256229826,-1.0,1.0,-0.9991555636337304,-1.0,-1.0,1.0,-0.9878448019822312,-0.3124952103441112,-1.0,-0.9923424403518364,0.9995683507951578,1.0,1.0,1.0,-0.9956112665276096,-0.9915342668647512,1.0,-1.0,-0.9866046238697512,1.0,1.0,-0.986976411747572,0.7384355305292611,-1.0,-1.0,-0.9983926453892134,1.0,-0.9747140017531004,-0.9820022706713134,0.998214378407713,0.99258134196054,1.0,3.0
0.986507513072422,-0.7147880184054559,-1.0,-0.9809547907976888,1.0,-1.0,-0.9766237200071756,0.9898820868916416,0.993041630202323,0.9297045733691928,0.9987487963149234,1.0,1.0,-1.0,0.9705805925126156,-0.9903675493314684,0.994099307244676,0.989541157725152,-1.0,1.0,-1.0,1.0,-0.4623729554714454,1.0,0.3827089777447957,-0.5414695360407561,0.9981278776970672,-0.4826092116320539,1.0,0.9847533532467178,-0.9931496874732296,0.3735096262649844,-1.0,0.8005051360306625,1.0,-0.8840601138536973,0.9946971059212574,-1.0,-0.7705438032996283,-0.9109387425949996,1.0,1.0,-0.9647608560012932,-0.9907981118179826,-0.4709167741919982,1.0,0.9892512565505984,-0.9999780436723898,-0.7129964344323954,-0.9208560062087814,0.7817760016891877,0.9722865615474016,-0.0813720914308803,0.9828430386211948,-1.0,-0.4464835477970192,-1.0,0.8411651309229451,1.0,-0.9849398114072028,0.9919193435490252,-0.9827510614255816,-0.9921341999804936,-0.2882471351025626,1.0,-1.0,-1.0,0.985835755728314,-1.0,0.7376165483583351,1.0,0.9973081353548648,0.9903627373691988,-0.9885550334179656,1.0,-0.9449678794979012,0.9846840676491976,-1.0,-0.9868502230609132,-0.98962135299712,-0.9898121314398652,0.9590656088848968,-0.9784328101605958,0.9959806773414952,0.0223766390409467,-0.9201165277708608,1.0,0.9163162627865188,-0.9985798463687622,-0.9947911658877344,0.9944217322045108,1.0,0.6056049282069033,-0.944238251477053,-1.0,-0.9815483719099184,0.96579495579896,0.986719813699703,-1.0,1.0,-0.9876391799051276,0.965632342338808,1.0,-0.991855112330446,1.0,0.9994352580719396,-1.0,-0.94068529017767,0.8891284402054119,-0.987186933841098,0.9411896813139994,1.0,1.0,-1.0,-1.0,1.0,-1.0,-0.9959335307671804,-1.0,1.0,-0.9882503471363248,-0.9998404556420606,-1.0,-1.0,-0.6076677264436217,0.4631307997648083,0.9906912123248196,0.9983047008326946,-0.9960927040258404,-0.9942500033092532,1.0,-0.9537125642597596,-1.0,-0.9827672601915104,1.0,1.0,-1.0,-1.0,-0.9977907388839048,0.9980078873154676,0.9842971052507296,-1.0,-0.995425284145096,-0.9500657823512868,1.0,-0.9617596730537358,-0.8790593357019141,-1.0,-1.0,-1.0,-0.3465223570710797,-1.0,0.8765215424527961,-0.9920986888108624,0.971687919466488,-1.0,0.9259701925926168,1.0,-1.0,-1.0,0.3760739721265274,0.9783266479536448,0.9957137798669932,0.932794241786433,0.9521748739763592,-0.935797648770568,-1.0,0.9335033770882548,-0.6641263948393941,-1.0,-0.9863206690010784,0.9871157494454036,-0.9892442937590588,-0.977681533575365,0.9937103167841072,0.9806770541774192,1.0,-0.9555861439301372,0.3331901103436943,-1.0,-0.997137055101144,-0.9966686045909972,-0.9842343867773482,-0.9348960412527302,-0.990970676119732,-1.0,-0.0528622139465798,-1.0,-1.0,-1.0,-0.930327638674372,1.0,0.9181547956162736,1.0,-1.0,-1.0,0.9399200192761856,1.0,0.9839231692618072,-1.0,0.9783742401902504,1.0,-0.944569365609668,-0.296876722146034,0.8925752917892618,-0.1425303614278123,-1.0,1.0,-0.7296298876100673,1.0,-0.8955078368707697,-0.993446402959707,0.983265438995614,-0.7702321493207632,-0.8710971763669614,-0.8873932194263032,0.9981350552969044,-0.0567731635794125,1.0,1.0,-1.0,-1.0,0.9861027398823792,0.9334032629422389,1.0,-0.9899110473934428,0.2784294033890806,0.997199670875379,0.9988683010774274,-1.0,1.0,1.0,-0.9927523643331784,-0.97089818223385,1.0,-0.9849777777986524,0.9942270619793436,1.0,0.9297346539176424,-0.992181648733616,-1.0,1.0,0.5345943255676803,-1.0,-0.9878748977467332,1.0,-1.0,1.0,1.0,0.9984960469338028,0.8015512186921275,-0.9976602642556618,-0.9604574293122642,-0.979264121073923,-0.98974755492399,0.9113236750143346,1.0,-1.0,-1.0,-0.965779707688716,-0.9924624215130144,-0.582621064502966,-0.9922675205381194,-1.0,-1.0,3.0
0.0518078323392098,-1.0,1.0,-1.0,1.0,-1.0,0.7524885455886149,-0.9963693275690118,1.0,-1.0,-1.0,1.0,0.6352588198323004,1.0,0.999697383794394,1.0,0.1032176803695041,-1.0,0.0144387535112069,1.0,-1.0,-1.0,0.8174575775035846,1.0,-1.0,0.778956877242604,-1.0,1.0,-1.0,-1.0,-0.972872568662018,-1.0,0.4617330775695472,-1.0,1.0,1.0,1.0,0.8131836346185628,0.3860838165561251,-0.9970567178460932,1.0,1.0,-0.9974802554083538,-1.0,1.0,1.0,1.0,0.9797536940017726,-0.115343132462426,1.0,0.9949773538563348,-1.0,-1.0,-1.0,-1.0,-1.0,1.0,-1.0,1.0,1.0,-1.0,1.0,-1.0,-1.0,-0.5774838778582524,-1.0,-1.0,0.5479222365668452,1.0,0.8665023308105066,0.9907060598915288,-0.9800570592853584,0.998524745610456,1.0,-1.0,-1.0,-1.0,-1.0,-1.0,-1.0,1.0,1.0,-1.0,0.99822799650483,-1.0,-1.0,-1.0,-1.0,-1.0,-1.0,1.0,-0.9997841421712624,1.0,-1.0,-0.9944175351161302,0.4780506258532842,-0.9836590624731304,0.994988330452659,-1.0,-0.993979113167542,1.0,-1.0,-1.0,-1.0,-0.339889384632581,-1.0,0.8279298841058452,-1.0,-1.0,-1.0,-1.0,-1.0,-1.0,1.0,1.0,1.0,-0.9998851637749638,1.0,-1.0,1.0,1.0,-1.0,1.0,0.9962103291638016,-0.9951533170995916,-1.0,-1.0,1.0,1.0,1.0,-1.0,-1.0,-0.9789443501419656,0.4405179098349623,0.9569783403498776,-1.0,1.0,0.995917030531412,-1.0,-1.0,-1.0,1.0,1.0,1.0,1.0,-1.0,-1.0,-0.992452164020682,1.0,1.0,0.9994567217801972,-1.0,-1.0,0.1986461567878687,-1.0,0.4007980203236186,1.0,-1.0,-1.0,0.6085903826254657,1.0,0.9870894984343608,-0.2099006530834857,-1.0,-1.0,-1.0,-1.0,-1.0,-0.9932485532843444,1.0,1.0,1.0,1.0,1.0,-1.0,-1.0,0.9963745913768864,0.9906579566488386,-1.0,-1.0,-1.0,-1.0,1.0,-1.0,1.0,1.0,-1.0,1.0,-1.0,1.0,-1.0,-1.0,-1.0,-1.0,-1.0,1.0,0.265947746269324,-0.0159969545215682,-1.0,1.0,1.0,-0.9963616915938568,-1.0,0.988202718172288,-1.0,0.9928157813615318,-0.6492011523726484,1.0,-1.0,-0.3820342541037803,-1.0,1.0,1.0,0.2699698958073981,-0.7552203656243606,-0.1745602961728188,-1.0,0.9939160346774344,1.0,-0.9981078447421752,-1.0,-1.0,1.0,-1.0,-1.0,1.0,-0.9932393170231107,-1.0,-1.0,1.0,0.7364214438425222,1.0,-1.0,-1.0,0.9075627655520616,-0.595826263479175,-1.0,1.0,1.0,-1.0,1.0,-1.0,-0.5285500929784182,0.5027826962908594,0.9970742592276072,-1.0,1.0,1.0,1.0,1.0,-1.0,-1.0,1.0,0.9952883690310268,-1.0,1.0,1.0,1.0,-0.6227265793326261,1.0,1.0,1.0,-1.0,1.0,-0.8657255565741666,3.0
0.9219617826286636,-1.0,-0.9080629749603452,-1.0,-1.0,1.0,-1.0,1.0,0.2546347611728169,1.0,-1.0,1.0,-1.0,-0.984874296368134,-1.0,-1.0,1.0,-1.0,-1.0,1.0,-0.22785593204445,1.0,0.4659055105516483,-0.99374251007769,0.835014560839014,-1.0,0.998146041376654,1.0,1.0,-1.0,1.0,-1.0,1.0,1.0,1.0,-1.0,0.7438789942112535,-0.8909766612553893,-0.92743491208528,-1.0,1.0,-1.0,1.0,1.0,-0.8595205031902139,1.0,1.0,1.0,1.0,1.0,1.0,-1.0,0.967505015839886,-1.0,-1.0,1.0,-0.6169663929231197,1.0,-1.0,-1.0,-1.0,1.0,1.0,1.0,1.0,-1.0,-0.9603141138854764,1.0,-0.6369153983047333,-1.0,-1.0,1.0,-1.0,1.0,-0.9860287207485576,1.0,1.0,1.0,-1.0,0.2330188096332441,0.0740559947014118,-1.0,1.0,0.9809930509772326,0.3029705800053395,-1.0,0.997574664551082,1.0,-1.0,1.0,-0.3381499320590851,-1.0,-0.19577790050917,-0.8865315134103824,-1.0,1.0,-1.0,-1.0,-1.0,1.0,1.0,1.0,0.9424202723497288,1.0,-1.0,-0.3180947122711259,-0.99947799833593,0.4848582268942139,0.9942003779827006,-1.0,1.0,1.0,-1.0,-1.0,1.0,0.9841179973633648,-1.0,1.0,0.2120161446245604,-1.0,-1.0,-1.0,1.0,-1.0,-1.0,1.0,-1.0,-1.0,1.0,-1.0,1.0,-1.0,-1.0,-1.0,-1.0,-1.0,1.0,1.0,-0.7620170605202324,0.3345688979659195,1.0,1.0,1.0,-1.0,1.0,1.0,1.0,1.0,-1.0,-1.0,1.0,-0.1496552517625802,-0.963697781427486,0.5590872274989306,1.0,1.0,0.3860626906315337,-1.0,1.0,-1.0,-0.9943564957678824,-1.0,0.9891877776588662,0.9324123433097572,-1.0,-0.9686992649427356,-1.0,-1.0,1.0,-0.9924347305739196,1.0,-1.0,1.0,0.5422779577820815,-1.0,1.0,-1.0,1.0,1.0,-1.0,1.0,1.0,1.0,-0.9549263049194844,1.0,-1.0,1.0,-0.6726595544334419,1.0,-1.0,1.0,-1.0,0.996710364174049,-1.0,1.0,1.0,-0.0743210950864821,-0.9161560608796526,-1.0,0.302279581778493,1.0,-1.0,1.0,1.0,-1.0,-1.0,-1.0,1.0,1.0,1.0,1.0,-1.0,-1.0,-0.9730028830857153,1.0,-1.0,-0.9930852926236878,1.0,1.0,-1.0,-1.0,1.0,-1.0,1.0,-1.0,-1.0,-0.9890300715757608,-0.8266983325883683,-0.9739761476385091,-1.0,-1.0,-1.0,1.0,1.0,-1.0,-1.0,1.0,-1.0,-1.0,-0.974237713093592,-1.0,1.0,1.0,0.9654469359368912,0.3349175474302344,1.0,-1.0,1.0,1.0,-1.0,-0.0455800974410345,-1.0,-0.8844489934491171,1.0,-1.0,-1.0,-0.9859714340867528,1.0,1.0,-1.0,1.0,1.0,1.0,-1.0,1.0,3.0
0.9703217894924124,-0.999122991120816,1.0,-0.9142591501666644,1.0,0.9950145494448062,-0.9922529435949548,1.0,-0.9451109366588014,-0.9925241953533824,-0.9023901746105504,1.0,-0.9723911753610468,0.9960099640576776,-1.0,-0.9916949184582824,1.0,0.9983070694235344,0.9880777710398282,0.989826938751114,-1.0,-1.0,-1.0,0.9988053185718366,-0.9876760950985476,1.0,1.0,0.9882822496058352,0.979383338859049,0.796488234873731,1.0,-0.9955188832248212,0.9415767036273616,-0.97190510985297,-0.9521648656776917,0.9946115693925088,0.8230447893959656,1.0,-0.9851185536769912,-0.981284285129584,-1.0,-1.0,1.0,-1.0,0.9918899631395228,-1.0,0.9600829048609174,0.9903683472458484,1.0,0.9914678032450216,-0.9325350329617615,0.6747329247560835,0.9172216594615332,-0.9818505125238854,1.0,1.0,-0.9975716981430136,1.0,-0.998140890358301,-1.0,1.0,1.0,-0.904835159050862,0.996414474074082,-1.0,1.0,1.0,0.9844553834629688,-0.9884277554843812,0.9998834427702418,-0.9090950563539514,1.0,-1.0,1.0,0.9494501809722488,-1.0,1.0,-0.982768705806466,0.979285664674701,-1.0,-0.9038140269598444,-0.8287642129251725,-0.9857511664321706,0.990051749219231,-1.0,-1.0,0.9848128851559153,1.0,-1.0,-0.9175452542409128,-1.0,-0.9982239837765152,-1.0,-1.0,1.0,0.7096535504050228,-0.9986136315812956,1.0,-0.9317094103403424,1.0,0.9954736586742612,1.0,0.944661535255574,-1.0,-0.925729020776896,1.0,-1.0,0.9884712777963056,0.9921874616285936,-1.0,1.0,-0.997881405781345,-1.0,-0.8263249484567318,-0.9993621559202164,1.0,-1.0,0.998744966266604,-0.9720065454308472,-1.0,0.9768698998757228,0.9915707999114532,-0.9197192495891464,1.0,-0.9715643001697788,-1.0,0.982602602599462,1.0,-0.8163403280645894,-1.0,1.0,-1.0,0.9085013216928738,1.0,-1.0,1.0,-0.9714086362278024,0.9582676902946172,1.0,0.9595397099033446,-0.9994748764228976,-0.9862639514381422,-0.9999015728520598,-0.9889712533535115,-1.0,-0.93527630027464,0.9949348331337986,1.0,-1.0,1.0,0.9652160909070387,-0.9887607542594752,1.0,-0.8238535046669687,-0.986101272181912,-0.9311138938369764,0.9508944173065812,0.9459519954211734,-0.932597014206669,-1.0,1.0,1.0,-0.9816182185226014,0.9967567227110892,1.0,-1.0,-0.9815700409353731,1.0,0.7783760659777811,-0.9895523794972332,-0.991253628023949,-0.986337314990073,1.0,1.0,-0.985400528394624,0.9943539875762492,1.0,-0.9935607416464208,-1.0,0.8684669695739087,0.9864642793001532,0.9968998055883485,-1.0,-0.9936560349598796,-0.9471799151562452,-1.0,-0.8108676789443926,0.9635284302836974,1.0,-0.8821399008209985,-0.9884539474225152,-1.0,-1.0,0.9961162237058716,-1.0,-0.9695323152428768,0.7099246552906273,-0.9804741064590182,0.9240292289467236,-1.0,0.9480817391916992,1.0,1.0,0.7424183582293028,-1.0,1.0,1.0,-0.9976870098664508,0.996491743598884,0.3301875069380702,-0.995128299178877,-0.996958396458715,-1.0,0.9860688320623474,0.9984444206105232,-1.0,0.9933187377561812,0.9875355167576088,-0.9954643949667478,-1.0,0.97269843231773,-0.992369357029124,0.9862691863043752,-1.0,1.0,-0.928160403995944,1.0,0.9975943367673824,1.0,-1.0,-0.9906280898514666,0.9546251598130012,0.9891202362076812,0.8249055054584552,1.0,-1.0,1.0,0.955451536430295,0.9933072508063422,0.971208639894938,-0.9440196258537732,-0.9921921143952912,0.9911280862568076,1.0,-0.9929910408497188,1.0,-1.0,0.8272988708401927,1.0,0.8594593514010469,-0.2141354461963371,-0.97603409635035,1.0,-1.0,-1.0,0.9761192902737824,0.9925015103331728,-0.9871938189496118,-0.9991597068632176,1.0,0.9629535069699088,1.0,-0.9976674584586596,-1.0,-1.0,3.0
-0.3895640868636809,0.705233684638542,-0.6974173077077745,-0.4979760727611518,0.8814980816665193,-1.0,0.8997591134614802,1.0,-1.0,-0.5677653195985333,0.9569995320288364,1.0,-1.0,0.8123197181717766,0.7391595552019861,0.866632811755317,-0.9167402259057664,0.9245172960030924,1.0,-1.0,-0.2487377523570186,-0.8954724154743061,0.8875163441362409,0.2164727336154048,0.7341241425812663,-0.6023387085069175,-1.0,0.8411190845081076,-0.4772416616354715,-0.9525453772200304,0.9976831545202558,0.982147935375542,-0.9736121302573196,-0.9971053876560128,-0.0176469363973381,-1.0,0.992039132354646,-0.8105929869782224,0.4040734823716731,1.0,0.9767140464834068,-0.9907478980580792,-0.3751868442267767,1.0,-1.0,1.0,-1.0,-0.9685194791857148,-0.9684034065665924,-0.97655912354225,0.7744421817367348,-0.1623426583896356,-0.5956353604551444,-0.36852934139762,0.9416128052535266,-0.6074316416788388,-0.9977213286510146,1.0,1.0,1.0,0.386386828670652,1.0,1.0,0.9887442997337356,0.924068120931331,0.9887513562685302,-1.0,-1.0,-1.0,0.9858670163743743,0.7355773557596925,0.9798602231089908,-0.9268426790234566,1.0,-1.0,1.0,0.8778506236960385,-0.9486021381575662,-0.9881226122841668,0.9445097267188168,0.9912151625197082,0.7164483775468208,1.0,0.6949206854801694,0.6484445568407273,-0.8749132823121851,0.4311225940324518,1.0,1.0,-0.9439740724661004,0.9355179744457568,0.8286086595775678,-0.9325698669033786,-0.8884081347123515,0.9666130385556416,0.6414298854920638,0.0015705155854733,-1.0,1.0,-0.8232989415733281,0.2588602062812538,1.0,-0.896221679354218,-1.0,0.7960061562031842,1.0,-0.0332087288171947,-1.0,-1.0,0.962264765886826,-0.8170045493423582,-0.8472221326947281,0.8230537926297988,-1.0,0.2518470378260525,-0.9948852239827336,1.0,-1.0,-1.0,-0.7898768781690035,1.0,-1.0,0.9480433566264842,0.9721370775029498,0.9340871954359686,0.7095304157097457,-0.6845586642767165,-1.0,0.9796820577583046,-0.8737527608034499,0.9583791280999864,-0.2540558226655251,0.9998034174272258,1.0,0.389081612271093,1.0,0.9878938569289568,-0.8730120795147742,1.0,-0.3736485534586726,-1.0,-0.173294228948753,-0.620468503532581,-1.0,-0.5124786029188386,-0.6142920436379281,-0.6033325079964224,0.9914254290123452,-0.9957804338814524,-1.0,1.0,-1.0,0.9523483338839812,-0.9785046554727488,-0.9947832769479992,0.0203068914753075,-0.4739243108988515,0.6017711212010252,0.896977192460295,0.950227334620825,1.0,-0.6521283038526835,0.8980385164500377,-0.9800314790874004,1.0,-0.9686081750290954,-0.987239047335402,-1.0,0.919320475010221,-0.8281448113101516,-1.0,-0.8638872730752253,1.0,1.0,1.0,0.958327213363708,0.997504398218348,-0.9962692879715852,-1.0,-1.0,-0.9586798154951626,0.3185096939300148,0.911930809942236,0.984413636897508,-0.3125744925755259,-0.6124731634266373,0.8075895758056778,-0.9378303117090993,-1.0,-0.7955511261732845,0.5414012592362349,-1.0,1.0,-0.9223255295175168,-0.954779729259563,-0.9957141974945858,-0.5681151058221615,0.9580775788066278,0.9688511216455284,-0.8581171409710673,0.499514342765699,-0.8381649151138582,0.9643941971173254,0.9505218525560782,-0.9779626914142852,-1.0,0.878897946112151,-0.98077458674643,0.9267611958754872,1.0,-1.0,-0.123086792597317,0.986340324900948,0.8744706289805606,1.0,1.0,-1.0,-1.0,-1.0,1.0,0.9645771294391124,0.9951495847698024,-0.3334257889279044,1.0,0.4778416568267429,-1.0,-1.0,1.0,0.962549130448858,-1.0,-0.9869131061963408,0.075257093572177,-0.6291282514866385,-0.9943275244788364,0.8229325494272761,-0.8828056240226568,-1.0,0.2238056239177738,0.9742634440973296,-0.8088421829942766,-0.8915865424940834,-1.0,-0.4783971583493931,-0.9857157489356574,-0.99697598559845,-1.0,0.9918929111901618,1.0,-1.0,-0.9956134955006802,1.0,-0.3831248644030001,-0.8726078338003341,0.9707830151878972,0.9620574819406744,-0.6384269563921717,0.9054660580597688,-1.0,0.9465152250451608,-1.0,0.527379569042132,0.0773280392542492,0.5258373572695961,-1.0,-0.9146600271487836,3.0
1.0,-1.0,1.0,-1.0,-0.9927610462908288,0.2244710659901285,-1.0,1.0,-1.0,1.0,-1.0,-1.0,-0.9894564350490742,1.0,1.0,1.0,-1.0,0.994583281919306,1.0,-0.3266575453652522,1.0,-0.8322428405023488,0.3321922541989434,0.9980654522302091,0.9559745879696968,0.2126060371701069,-0.9859100984411856,1.0,0.9947261857597464,0.9595872905333436,1.0,1.0,1.0,0.4309406073556581,0.9816489117691142,0.9559143776624112,-1.0,0.9949010965519832,-0.9617613056865169,-1.0,1.0,0.0262158188914358,-0.3648505331593804,-1.0,-1.0,-0.994518807073796,1.0,0.9764226709840432,-1.0,1.0,0.9962709354593048,1.0,1.0,0.9929767632690336,0.9916077366418042,1.0,-0.9935278594791622,0.9687738947593209,-1.0,0.6091090761590008,-0.9797176811897572,0.894615818190355,1.0,0.123395687102074,0.635336929172742,1.0,-0.3531654175282238,0.9775351977049012,-1.0,0.6921924215883095,-0.5737478275112375,1.0,-0.9801936319141225,1.0,-0.9998134975152776,1.0,-1.0,0.975279436450468,0.0510882466600048,-1.0,-1.0,0.9780175851806122,-1.0,-1.0,0.3607907317745369,1.0,1.0,-1.0,-1.0,1.0,-1.0,-0.9803861385837148,-0.9986532366470068,1.0,-0.9373672237066876,0.3818283559348903,1.0,-0.9926917300088136,-0.9205195573683076,0.9231218731992306,1.0,-1.0,0.3077708618314505,-0.4604735897894996,-1.0,0.3582061199393693,-1.0,-1.0,-0.7064272609749707,-1.0,0.895924401887127,1.0,-1.0,1.0,-0.9931486217745764,-1.0,-0.9843164920298214,0.9815462696739646,0.7076263015052189,-1.0,1.0,1.0,0.801958678626296,1.0,1.0,1.0,-1.0,1.0,1.0,1.0,1.0,1.0,-0.345932218934971,-0.9752665219695134,0.9919662749152648,1.0,-0.7763013705306113,1.0,1.0,1.0,0.8384586239944166,1.0,1.0,0.9947973244223663,1.0,-1.0,1.0,0.2557527901120634,1.0,-1.0,1.0,-0.994600915134492,0.973907096490679,1.0,1.0,-0.185128233871044,0.5317561536297817,-1.0,1.0,0.9795724068093188,-0.9916612856502964,0.929805925425564,-1.0,1.0,1.0,0.9939526256911948,0.8961433198766096,1.0,-1.0,0.9904255390501826,-0.9869809268094418,-0.4486443242933061,0.1527514716361707,1.0,-0.8250738976576136,0.4489008982901957,0.9981277338948734,1.0,1.0,-0.3551123068414619,1.0,-0.1419300306833357,-1.0,1.0,1.0,-1.0,0.9961997401364058,-1.0,-1.0,0.9981803314934936,-1.0,-0.858576934082398,1.0,1.0,0.9418698506119452,-1.0,-1.0,-0.9808097220937934,-1.0,-1.0,1.0,-1.0,-1.0,0.9924044159416672,-1.0,-0.9787543947748848,0.9857176356631604,-1.0,-1.0,-1.0,-1.0,-1.0,-0.7021619338564884,0.9976749600929272,-0.9910366064177036,-0.9857880174747586,-0.9972077136602588,-1.0,0.9717993170324344,-0.6111654806927891,0.9784694625065028,-0.9982813838672652,-1.0,1.0,-0.9588749140133752,1.0,0.5032518886852824,-1.0,-0.9611635032536322,0.9493224981884328,0.96843431405467,1.0,1.0,1.0,1.0,-0.9522216918588424,-1.0,-1.0,-0.6828443726853647,1.0,1.0,1.0,0.9847459134488284,-1.0,-0.3520481996289454,1.0,-1.0,1.0,-1.0,1.0,-0.9389635273150324,1.0,1.0,0.0534583688006905,-0.9857918346565842,-1.0,-1.0,1.0,1.0,-1.0,-1.0,-1.0,1.0,-0.9797632718861964,1.0,3.0
0.9940242245689216,0.9998552681430916,1.0,-0.9744348922652112,1.0,-1.0,0.9917141865072394,-1.0,0.7691036653448808,-1.0,-1.0,0.997527911129204,-1.0,1.0,-1.0,-1.0,-1.0,1.0,1.0,-0.7047922226541004,-1.0,0.9302207516682794,-1.0,-1.0,0.9835268280587066,-1.0,-1.0,0.9981894900711046,1.0,-1.0,1.0,-0.9252156890166447,1.0,-0.9476108969232924,-1.0,1.0,-0.6900355987396489,-0.9977807609168484,-0.662563462362536,0.9993252312842836,1.0,-0.9792026241029738,1.0,-1.0,-1.0,1.0,1.0,-0.2860186242017004,0.0596317847398233,1.0,-0.9788525804584038,-0.6840312695497618,0.9174861836650152,-1.0,-0.9942877753036125,-0.9649258721752066,1.0,-1.0,0.88939328922931,1.0,0.9972837378813176,1.0,1.0,0.9957964376123816,1.0,1.0,-0.9817195870146502,-1.0,-0.580455972103535,0.9223595385461864,-1.0,-1.0,-1.0,1.0,1.0,-1.0,-1.0,-1.0,1.0,1.0,-0.9987852750773832,1.0,1.0,-1.0,-1.0,-0.9940462791676584,-1.0,0.7034260049054922,-1.0,-1.0,0.865016177400306,1.0,1.0,-0.9684846103854432,-1.0,0.9877279798388456,-1.0,0.9786448640371936,-1.0,-1.0,0.7274737377265815,-0.9860274145614304,1.0,0.1352149832493157,1.0,-0.9999453736773494,-1.0,-1.0,-1.0,1.0,0.7069291861912219,-1.0,0.8527862489576324,1.0,1.0,1.0,1.0,-0.9965315783510328,-0.9628348245855802,1.0,-0.5513064642618842,0.8089483680604432,0.6117395895577558,-0.9813383845836108,1.0,-0.9679764856698024,-0.9600919998228026,-0.9878866630208916,-1.0,1.0,-1.0,0.855206879925722,-0.9740406598142044,-0.9851385018808836,-0.8818756491344495,-1.0,1.0,0.9839988677979769,1.0,0.1706656530943249,-1.0,1.0,-1.0,-1.0,-1.0,1.0,0.990760332791096,-0.7970363874236164,-0.0346635555482701,-0.9913880210576932,1.0,0.3664645333388823,0.9914512611233302,-1.0,0.8064812407503752,-1.0,-1.0,-0.8792760098647623,-0.9641234964637304,1.0,0.4539369165310295,-0.9534211121299964,0.6362272048591948,-1.0,0.9143167814727314,0.970074186877002,1.0,0.9877977178463394,-1.0,-0.6996132228919383,0.9927976222449136,0.9970642124106704,0.9699375122887728,0.9829625266259332,-1.0,1.0,0.9927741112134352,0.9003283954808357,-0.965383281511314,-0.951584648632714,-1.0,-1.0,0.971285125497732,-0.9300823855944074,-1.0,-1.0,-0.99862332618602,-1.0,-1.0,-1.0,0.9867610837725952,0.2261016635072906,-1.0,1.0,0.525533614788354,0.9748477559645172,1.0,-0.0625554477810776,1.0,-1.0,0.2894585059213065,1.0,-1.0,-1.0,-1.0,1.0,-0.6528739343597533,-1.0,-0.2057846717407947,-1.0,-0.9958862588544476,-1.0,1.0,0.5578334016391023,-0.1241000708100606,-0.9898282383274624,-0.9955658649731496,1.0,-0.2689895058017495,0.9911146863951106,-0.9794925908915864,-1.0,1.0,-1.0,1.0,1.0,-1.0,1.0,1.0,-1.0,1.0,1.0,-1.0,0.8777319430776178,-1.0,1.0,-1.0,1.0,0.6678489167660732,-1.0,1.0,0.79657391918691,-1.0,-0.0306277150325531,1.0,1.0,1.0,-0.9230745923296224,-0.226016201352821,-1.0,1.0,1.0,0.9252000067018448,1.0,1.0,-1.0,0.2072178838595086,1.0,-1.0,-1.0,-1.0,1.0,0.8960565369025542,-0.5954605625484567,-1.0,3.0
-1.0,-0.9437087186282452,-1.0,-1.0,0.9675777590398756,-0.961253678719826,0.9883116472507756,1.0,-1.0,-0.9420289464481656,-0.961140277011648,-0.9977085063727644,-0.9641850058564728,-1.0,1.0,1.0,-0.8626649530572315,0.9284652899607948,-1.0,1.0,0.9925180007477284,-1.0,0.9308305113339778,-0.9731832550730156,0.9945268418127684,-0.937811944991042,1.0,1.0,0.7010097008614771,0.9611835083268492,-0.9747450402934608,0.07783173707178,0.4115850922169055,0.9855466600349592,1.0,1.0,-1.0,1.0,-0.9815286870981756,-0.9980675116501082,0.8478388694171275,1.0,1.0,0.9765331660502048,0.9861134651702675,0.9879257392673928,-1.0,1.0,-1.0,0.967138315568692,1.0,-0.9813431209670028,-0.9044290282279612,1.0,-0.9363100680913624,1.0,-0.9807635254138156,1.0,-0.9150930272534794,0.9822632202163226,0.981354727565444,-1.0,0.9712278893432436,-1.0,-0.7242630201895678,-0.8958061839035126,-0.9138204349744656,-0.9883611889952174,-0.7139937139031863,-1.0,-0.9975691097540648,0.920451412752634,0.9770010980263892,0.8474476122788895,0.9735754955770692,0.8211092881506168,0.983891114714308,-0.980508975084878,-0.9511255028414036,-0.9806647191023248,-0.9885618105437188,0.9960891857777506,0.9963842992388908,0.8943239282477539,0.9645261313801888,-0.982672644867438,-0.987513141037096,0.708621881032121,1.0,-0.9594582778854756,1.0,1.0,-1.0,1.0,-1.0,0.9138988557660508,-0.9932442225122288,-0.9627016456180352,0.905462908876268,0.995230725430788,0.0625565213573493,-1.0,0.9145368040597552,0.9714793407986348,1.0,0.9956870366933382,0.9948421297867012,-0.9227461741563432,-0.9693238231998222,0.96278365797854,0.992633935249978,0.9938388484163376,1.0,0.9967836251722484,0.9582624668350632,-0.9865650902490444,0.9925084651390698,-1.0,-1.0,1.0,-0.9948483672269404,0.9928136553475944,-1.0,0.7932531744192031,0.9523271849853387,0.8984048212109441,0.8870476692370614,-1.0,1.0,0.8303403676563244,0.9688586580540944,-0.5636586537784496,-0.9929782731460044,0.9918383013564144,-1.0,-1.0,0.9926980986290496,-1.0,-0.9871311919319838,1.0,0.9952094815082828,-0.955710686290254,-1.0,-0.9445168418162572,-1.0,0.9880185793672452,0.7043898449989333,-1.0,-0.967721440495388,1.0,-1.0,-0.8038083571606861,0.8653154004465015,-1.0,-1.0,-0.9422728657006052,0.0799380652080004,-1.0,-0.9996923591723031,1.0,1.0,-0.9636751878299472,-0.3333871255923105,1.0,0.9882348255666034,-1.0,0.9867159542407752,-0.961467193178154,0.9993626391894428,-1.0,-0.8243845556391601,-0.9891050321935074,1.0,0.828812311796233,-1.0,-0.9915326215844348,-1.0,-0.9062101509868812,-0.9219970069875651,0.958024835977174,-0.9204218597533518,0.9980663221399754,-0.9808946275439308,1.0,-1.0,-1.0,0.9887710777025116,0.0808260392991743,1.0,-0.9289659688091292,-0.9948853336234708,0.9619793833458667,0.97311974307201,0.965733369223421,0.2334087331841929,-0.9925725213017844,-1.0,1.0,-0.9641532234322808,0.9621416871482128,0.9938132249084756,0.9602809801324322,-1.0,0.9763954665161868,-0.9531482973052424,0.7447896917057366,0.9983162705660708,-0.99397245613177,-0.9730658542482472,-0.998883654225292,-1.0,-0.9502044498933634,0.9931535521772648,-0.7907472247678887,-0.9852457076533744,-0.9921752896541898,1.0,-1.0,0.9553648298391284,-1.0,-1.0,-0.8101483163271893,1.0,0.9825199047014028,0.9683664553296374,-1.0,0.9906169812761292,0.7918010023708738,-0.8963637177823145,-1.0,-1.0,-0.961113918649507,-1.0,0.9372065930260016,1.0,-1.0,-1.0,1.0,1.0,0.262582157268782,0.9522491524014752,1.0,-0.9867413823735824,0.7822850794701807,1.0,0.9905904391328348,-1.0,1.0,0.9962825806904346,0.9836551663994184,1.0,0.9947148790605024,0.9919078830878482,-1.0,-1.0,0.9979872831792614,0.9498935087775552,0.99447931510352,-1.0,-1.0,0.9183528191391236,-0.9739993439660434,-0.9924795431209354,-0.874989360502356,-0.990671081083263,3.0
-1.0,1.0,0.9695386823741996,1.0,1.0,1.0,-1.0,-1.0,1.0,-0.9152928923233364,1.0,1.0,-1.0,1.0,-0.9210876006443196,-0.9747606510030292,1.0,-1.0,1.0,-0.8998521816731878,-0.1294324372885729,0.9882958306584232,-0.9082319218982804,1.0,-0.9864156981257404,-1.0,-1.0,1.0,-1.0,0.969614333209211,1.0,-1.0,-1.0,-0.9844645521131592,1.0,-0.9822329775306688,-1.0,0.9870444762047444,1.0,-0.8595749890749889,-0.9781054084780924,1.0,0.5493207001045766,1.0,-0.9618244935287776,0.9937860559017464,-1.0,-0.1036330283935663,0.9054118315680424,0.9979719204283114,-0.4044023292527614,-0.958075787165956,1.0,1.0,0.9577166203830998,1.0,-0.978434660775926,-1.0,1.0,1.0,1.0,0.9816647964437076,1.0,-0.978447732340848,1.0,-1.0,0.9074011700663775,-0.9951543597888084,-0.9881748256119788,1.0,0.9100348229022384,0.9764658298341656,0.9998197957409504,-1.0,-0.99900614464939,-0.9833643614406838,1.0,-0.9971409506816292,-0.9992005171152336,0.984098327974598,-1.0,1.0,-1.0,-0.9872762912057524,0.9621164111061236,0.9006146530759507,0.9924020094035724,0.9840000037098994,0.9693130526207018,1.0,-1.0,-0.9882703817525564,-1.0,-0.8878633547117029,0.9850252061032416,1.0,1.0,0.9496342156279682,0.99838904809383,1.0,0.7937745151922814,-0.9987493622079204,-1.0,-0.7739444330208034,-1.0,-1.0,-0.8795868984319067,-1.0,-0.973054490692715,0.3667538810646285,0.2946992477450638,0.9668096158379726,-0.8358124312220461,-1.0,-0.995421959984898,0.7025965182273683,-0.8609261105904449,0.9727649239994346,1.0,-1.0,-0.9652047689285485,0.9771324571928588,-0.92750747279058,1.0,-0.9958941884694132,0.7446714356524717,1.0,-0.992039864705126,-0.5188049165184603,0.9548147453503896,-1.0,-0.9899206474110296,-0.9583545146184216,0.7163961421229789,0.8801848434850349,0.9464401198896908,1.0,0.9977518775004096,-0.9733542013481188,-0.997265278337194,-0.1810880920435341,-1.0,-0.9776910714726016,1.0,1.0,1.0,0.985027297439996,-0.9924774570677662,-0.9688452230342246,0.9767298316424028,-1.0,1.0,-1.0,1.0,0.3140601493560967,-0.9811492431115646,0.9957898128947406,-0.9439762459854596,-0.9526688623269892,0.972482263599005,-0.991384786149022,-0.7715152438572707,-1.0,0.9113129327731694,-0.9789222544663756,-0.2983125153665558,-0.9959125868726458,-1.0,0.9860209238252678,-0.8706225415482978,0.9994903474924152,0.9991225041461465,-0.9988456968001008,-1.0,-1.0,1.0,-1.0,0.9821254901386044,1.0,-0.9887478533261156,-1.0,-1.0,-0.9365034508849625,1.0,-1.0,-0.9991854722981846,1.0,0.9236704340626184,-1.0,0.9800857482343902,1.0,1.0,-1.0,-0.9877461910825523,-1.0,-1.0,0.9670579342246824,0.910558675630856,-0.9917585428757976,-0.9859243689150348,1.0,-0.9959999390680752,-1.0,1.0,-1.0,-1.0,0.932649232982952,0.9648219274567412,-1.0,1.0,-1.0,-1.0,1.0,-1.0,-0.9658372716481756,0.8440757985623959,1.0,-1.0,-0.9560084241495054,0.8614426390387903,-0.9684470846436928,1.0,-0.867711248211727,0.999662877342106,-1.0,-0.9990188996730516,0.8887881766373033,-0.9511862621849784,1.0,-1.0,-1.0,-0.962159775080188,-0.9939719085773758,1.0,1.0,-1.0,-1.0,1.0,0.9918604579669316,-1.0,-0.9960003926520056,-1.0,0.8932406558732946,0.9826346887648556,-1.0,-0.9982536627530668,0.9015655311503902,0.9490816800931808,0.9684713991127658,-0.9894233906700648,0.8270741281284686,-0.9402534853066083,-0.9278011056615528,-1.0,-0.7535312777775662,0.8079037741285555,0.9494629456065884,1.0,-0.92403282076687,-1.0,-1.0,-1.0,-1.0,0.9761148605696592,-0.831360814551059,3.0
1.0,-0.9993165073130468,-1.0,-1.0,-0.9513056275203858,-1.0,-0.9844303475181476,-0.1715872875693888,1.0,-1.0,1.0,0.0155694977994091,-1.0,-0.9905714345161264,-0.1317962352889988,-1.0,1.0,1.0,1.0,-0.4442216818494281,1.0,1.0,0.4183979667061881,-1.0,1.0,-1.0,-1.0,1.0,0.9997927789078684,-0.966382706655603,-1.0,0.988388188013214,0.9649153458326084,-1.0,-1.0,-1.0,-0.8216795116605049,-1.0,1.0,-1.0,1.0,0.9436498007506594,1.0,1.0,-1.0,1.0,1.0,-1.0,0.7422471857207019,1.0,-1.0,1.0,1.0,-1.0,1.0,1.0,1.0,-0.9776719085167496,1.0,1.0,-1.0,1.0,-1.0,1.0,-1.0,1.0,0.2505549294839704,1.0,-1.0,-1.0,1.0,-0.9630036101699668,1.0,-1.0,-1.0,0.9423236357146874,-1.0,-0.9712844510372,-1.0,0.9620478109344216,-0.995576231341076,1.0,1.0,-1.0,0.9896505763208076,-1.0,-1.0,-0.9996692890083472,1.0,-1.0,1.0,-0.6449546673133376,0.9802804848832104,-0.9965421918333428,1.0,0.0584128985179274,-1.0,-0.9484458584620296,-1.0,0.7964804446757745,0.9921357183565824,-0.9913866158971584,-0.9790072689028916,0.4748614934769628,-0.994897682665308,0.9805742290794948,-0.9927693270412816,-0.3436128308370316,0.1269112221234799,-0.1186157890078664,1.0,1.0,-1.0,1.0,0.996715263651402,-1.0,-0.9936310212163691,0.2736993432301694,0.1556080025205621,-1.0,-1.0,1.0,0.9726367702266692,1.0,1.0,0.9824961573503856,0.9925540377277392,-0.997184980678654,-0.1637027338408863,1.0,-1.0,-0.98207676236294,1.0,1.0,-0.9783894746879058,0.4011518919684609,1.0,-1.0,1.0,1.0,-1.0,-0.975670884081821,1.0,1.0,-1.0,1.0,-1.0,-1.0,-0.9835251593239842,-1.0,1.0,1.0,1.0,-0.1041825309645608,0.996551859802526,0.9838246256770188,-1.0,-1.0,-1.0,-1.0,-1.0,1.0,0.9946463540497194,-1.0,1.0,-1.0,-1.0,-1.0,0.9993404046511738,-0.9764585570419148,-0.968464088613688,-1.0,-0.9718831905048552,1.0,-0.9981421282008742,1.0,0.4224528241164574,1.0,1.0,-0.9989221063516118,1.0,1.0,-1.0,-0.9789622706533596,-0.2363543193144354,1.0,0.9855992415274818,-0.8688792276374258,-1.0,1.0,1.0,-1.0,-0.9755841048860148,1.0,1.0,-1.0,-0.9997533713668818,-1.0,-0.5244796897498893,-1.0,1.0,-1.0,1.0,-1.0,1.0,-1.0,1.0,1.0,-1.0,0.9806988208023596,-0.9220389083104024,-0.7562792872725685,0.6278840070423273,1.0,1.0,-1.0,-0.0993896565153678,0.9886492660012786,0.578678592322698,-1.0,-1.0,1.0,1.0,1.0,-0.9857030495264786,1.0,0.984684448312045,-1.0,-1.0,-1.0,0.998504352080381,-1.0,1.0,-0.9723452583282184,1.0,1.0,0.9790045078269756,1.0,1.0,-1.0,-0.926098254328796,1.0,0.968154565136015,-1.0,-1.0,1.0,-1.0,1.0,-1.0,-0.9734582602016864,0.8067544066834893,-0.9996770520968422,0.9750138964433316,1.0,-1.0,1.0,-1.0,1.0,-0.9797845405731676,-1.0,1.0,1.0,-0.9779495652838346,1.0,-0.1906811658150421,8.0
-1.0,1.0,-1.0,1.0,1.0,1.0,-1.0,-1.0,-0.9930105880704888,1.0,-1.0,1.0,-0.7737256775679211,1.0,-0.9957088863733762,0.9990499469149784,1.0,-1.0,-1.0,0.2529949878794074,1.0,-0.9651184001128692,1.0,0.9383286613440214,1.0,-1.0,-1.0,-1.0,-0.9852884383321284,0.6314023990387216,-1.0,0.9259139072115784,-1.0,1.0,-0.3318236117418558,-0.8106387749725831,1.0,0.975031847930196,-0.9828696804911145,1.0,1.0,-1.0,-0.9363348813705242,-1.0,1.0,-0.770927683010476,-1.0,0.2596044999390804,-0.9973121105440964,-1.0,-1.0,0.9978968145962124,-0.9847791773782246,-1.0,-0.8934447859094289,-1.0,0.9069032249818708,1.0,-0.9430579146522162,-1.0,-0.6107594523084221,0.9821132733277508,-1.0,-0.9593594780727696,0.9947623493971516,-1.0,-0.4150394493690807,1.0,0.3340705888988051,-0.994531781731693,-0.1486845710914177,-0.9435283818471462,1.0,1.0,-1.0,-1.0,-0.9277270690348944,-0.9861010480666446,-0.1176021125821645,-0.9854706817274156,-1.0,0.580682836620918,-0.1363918195780193,-0.3026972831677508,1.0,1.0,1.0,0.9383446590550388,0.9939783481242622,-0.9955536973465098,1.0,-0.9607114761288588,0.9919368547332926,-0.995966536375646,-0.1238405929000854,-1.0,-1.0,-1.0,0.9525136343296944,1.0,-1.0,-0.99784425725541,0.3948776085825826,0.9420125332394318,0.4085530838442861,0.1998253227786298,-0.97304447833591,1.0,-0.8065383901272569,-1.0,1.0,-0.169354007003524,-0.9076945135422352,1.0,0.1035214977162457,1.0,1.0,0.4168656572981533,-0.9960847398815252,0.1815251449211635,0.9609609771740172,1.0,-1.0,1.0,1.0,-1.0,-0.999658722800838,-0.986233421470336,1.0,1.0,1.0,0.71260730303382,-0.9091315262983763,0.2487077530855574,0.9579780587878488,-0.9955819734340652,-1.0,0.8909212542290414,-0.8527961069145662,1.0,1.0,0.2478439152536336,1.0,1.0,-0.992821027452786,-1.0,-1.0,1.0,0.9445717092540676,-0.9556677296563164,1.0,-0.9920123241980092,0.6619534004823777,0.9990744038500984,1.0,-1.0,1.0,0.664459502361826,0.4401272041164287,-1.0,1.0,0.945216195854154,0.8033237482824539,1.0,-1.0,-1.0,1.0,-0.9794889044302112,0.1259076816410671,0.9964948923973708,0.949010719490992,-1.0,-1.0,1.0,-1.0,0.7568670917634526,-1.0,-0.7790878146880834,0.9847887446148302,-0.9946294264052672,0.4170230990805694,-0.8612199551343188,1.0,-0.6504511064161806,-0.1505971363341593,-0.8077323310513402,-0.9771182796976368,1.0,-1.0,1.0,1.0,-0.4500895101796318,0.8438377089550202,-1.0,0.8702048310884343,-1.0,-0.7470022987612754,0.8702929550517253,-0.9690026115104003,-0.9597124717577028,0.9579611520030376,-0.9781928012572751,1.0,1.0,-1.0,-0.9638871769537436,-0.9820675255932684,1.0,-1.0,1.0,-1.0,-1.0,0.4942896529254109,0.9562727319777754,0.9900648921280896,-0.7541221465551337,-0.0752246290541875,1.0,-0.9854783172544792,0.6539424329513963,0.4515471140526507,0.9407805822780826,-1.0,-1.0,-1.0,-0.9213184080361636,-0.9582482089971006,1.0,-0.7001478703717463,0.9332578314405682,0.5486474906642173,-0.4287305552487676,0.996730420198672,1.0,1.0,-0.976126716029861,1.0,1.0,0.9148246036264674,-1.0,0.922846452596421,-0.1298340798213951,1.0,-1.0,0.9958738086733544,1.0,-0.9638288520265268,-0.9819951347287176,0.94287183100335,1.0,1.0,0.8180235206025184,-0.5236818430736041,0.9887798956806384,-0.9678784795022676,0.9874693991699802,1.0,-1.0,-0.591469939775733,-1.0,0.8680407193689503,1.0,0.9792881686855676,0.938218141927068,0.3696906680340817,8.0
0.996852409172594,0.975289001105483,-1.0,-0.9187709518261978,1.0,0.9837495417886774,-1.0,-1.0,-1.0,1.0,-1.0,1.0,-0.9823917641494404,0.9859934505358012,0.5845593372565406,1.0,-1.0,0.9681169149248176,-1.0,-1.0,-1.0,0.9912139779870426,1.0,0.9946092265146252,-0.9906694152965908,1.0,-1.0,-1.0,0.8884520953286478,1.0,-1.0,-0.3410298891016636,0.9882580202927206,-1.0,0.9930205951626598,-0.9848224438630558,-1.0,0.4981314579418268,-0.9372327807054284,1.0,-0.987924079949944,1.0,-1.0,1.0,-1.0,0.9960207239131932,-1.0,0.9820069195401512,0.991391236723586,0.66925084529668,0.9976047465244794,-0.9821791082297848,1.0,1.0,1.0,-0.7975425432878941,1.0,-0.9900459632157677,0.0855277364311175,0.9881564612408938,-0.9993395257457603,1.0,-0.5475272377055811,-0.9903818239556094,-0.9989325249585488,-0.9763171278854738,-0.4401737795000132,-0.9865640699005668,1.0,-0.2803984630864424,0.9938149811421986,1.0,-0.9984586664153582,0.983739773396642,1.0,1.0,-0.9950924591280588,0.9974497159811512,-1.0,0.9824647509786796,-0.7194396070775537,1.0,1.0,1.0,-0.53096175356463,0.783398123684005,-0.901062886631032,-1.0,-0.808943393306412,-0.9741971805660476,1.0,-1.0,-1.0,-1.0,-0.9948262327841534,1.0,1.0,-0.9876277945714006,1.0,-1.0,0.3430295067246035,1.0,1.0,-0.9981787932001344,-1.0,-1.0,-1.0,0.9822861956907564,-0.8182266926856303,0.7436886768909752,1.0,1.0,1.0,-1.0,0.9823389731371136,-0.2270834271890741,0.9972517492089156,-0.9950590735210888,1.0,0.9393262222903416,0.9909379921585678,-1.0,-0.9970119466457644,0.9814860307757188,-1.0,1.0,-1.0,-0.5182581060509808,0.0997080338700941,0.9915671936787028,-0.5715003278896909,1.0,1.0,-1.0,-0.967079803141717,-1.0,1.0,-0.7826739406364057,0.9813515637126932,0.9673156370536816,0.9943277118562676,-0.0158544118861077,1.0,-0.2284134931249805,-0.9785370753523202,-0.7969642420847416,-0.0176713803838343,-0.0767633512169113,-1.0,1.0,1.0,0.7197626472303535,0.9948895239226586,-0.758981005893673,-0.9797929491333528,-1.0,1.0,-1.0,-0.4700298986660573,0.991690708091416,1.0,1.0,-0.9927565123140454,1.0,-0.9968026914714528,1.0,-0.4570684729486164,-1.0,0.9917410747836578,-0.0368701579714379,-1.0,1.0,-0.2010078174708627,-1.0,-0.4860147176717034,1.0,1.0,1.0,0.9943460059407389,-0.9730807315400284,0.5862301238198036,1.0,-1.0,1.0,-0.6475869291210772,0.9956427906880844,1.0,1.0,1.0,0.294987978530106,-1.0,-0.1966482222138528,-0.9841488489218492,-0.9632773978656723,-1.0,1.0,-1.0,-1.0,0.9831874896735712,-1.0,-1.0,1.0,-1.0,-1.0,-0.590844782857546,-0.7515431897613922,-0.987535631343606,-0.6419873236868454,-0.9691920494809092,1.0,0.9972683140096604,0.9683666147002729,0.2577508769921505,-0.9846905765164788,0.97794261318261,-0.131428872550215,1.0,-1.0,-1.0,-1.0,-1.0,-0.0201419664304587,0.7293609865875246,0.9835888840560328,-0.8699545983264076,0.0888547623895868,-0.966429037013496,-1.0,0.1576141683552393,1.0,-0.9784915434224618,-0.9909788337313966,-0.9779856842897824,0.4513981010143193,-0.2558330620745439,0.9891007334583845,-0.9903624531562468,-0.9430276236445808,-0.9990366615940564,-0.5356486831427625,-0.994835430954108,-0.3540873386191985,-0.5919305308850465,1.0,0.9966206243476944,0.9690046118672496,0.9980427227767228,1.0,-1.0,0.7352908818261136,-1.0,-0.9972251615275036,-0.479984059295463,-1.0,0.1727833281259589,-0.923479652963456,-0.8477324009921933,1.0,0.0037751219200394,1.0,-1.0,1.0,1.0,0.2194739180106938,-0.9961857330111988,8.0
0.9312094167980702,-0.6134314110896248,-0.0177581572144982,0.6349959360188466,-0.057873264552307,-0.6978876015532389,-0.9568730304871198,0.3591059860840122,0.2786054266121904,-0.8433188306798001,-0.0422507000557015,0.6185125646322762,0.0015968943914801,-0.8200522694940635,-0.3423337425324777,-0.462917581401818,-0.9698362732579372,-0.0969730537987048,-0.9808838578231728,-0.8932463592333593,-0.1232790433541224,0.3585871235082387,-0.0930358850227923,0.5839687954571884,-0.7781099850691713,-0.0596639844229638,-0.0676578394399263,0.9147588576225336,0.931697500479752,-0.7975775973134271,-0.2042160913826598,-0.7353584858932269,0.7241455622999025,-0.2464909473544509,0.744900144325763,0.6945170612494305,-0.7950175339345624,-0.4630868392807408,0.3837534906721609,0.1129076832377158,-0.2275208251767815,-0.2341648356220624,0.2158491730454292,-0.7939562115641086,0.3921990372886916,0.3207856041846781,-0.7396119659231533,0.8912653697236588,-0.7124499320068003,0.9175284065135624,-0.5603093406061284,-0.8670843010744274,-0.0974371238939075,-0.8746046538524328,0.2952656120795935,-0.5362039665280034,-0.8010071274851569,-0.3875236672317006,-0.0015228234701616,-0.0605174808594748,0.9934511293324872,-0.1568692743244344,-0.6093778970573704,0.7496266856192704,0.6938974612242315,0.6552194021185267,0.6749035033563224,-0.2206105822057817,0.3760258799422675,0.3321928706979913,0.0278092096341515,-0.0048355950555305,0.1825377898447377,-0.74659672871104,0.0096639384530887,0.891700927414877,0.7454748804339204,-0.4026006008752869,-0.0053310571977835,0.3446021756797293,0.1488016979841415,0.0351136680168624,-0.1825463782496941,-0.6649012473092479,0.8540146364987735,-0.0476541815781164,0.7200947455880224,0.0628283422127355,-0.1552053070791452,0.5548051008568775,-0.801900097418677,-0.4923152757205968,-0.2894001057990933,-0.4191247038001422,0.7828995076010454,-0.5249743458436149,-0.3145550910400514,-0.6807696398508849,0.9571196621424404,0.1604839701095983,0.2943111183542928,0.8669367110870307,0.2440482419821936,0.1710372052449726,0.6066788487454802,0.885501947598845,-0.5712063746335132,-0.8471146642515872,-0.3378937882542703,-0.5835560215733606,0.7107219696858305,0.0349391694481573,0.2268070801308983,0.1484182353094638,-0.6365412144351337,-0.883031483669843,-0.5455571835087318,0.4801995451046725,0.0810269070437954,0.7976839724352516,0.9045842792388814,-0.8495201978165376,0.3647073867734351,0.4737330142110472,0.5931486147466616,-0.8838524980988576,0.9983135845685848,-0.1237303570016175,-0.7599420733340645,0.7929692119095424,-0.5194922893592369,-0.6047702636690135,-0.0410335077842882,0.1109502991291726,-0.7384887904725248,0.6769323454165024,-0.0760370572972628,-0.391119104997242,0.6929818938338321,-0.1104969516732985,-0.8324830159470098,-0.5586944800180966,0.9650880687593828,0.1328026151029007,-0.0869655392075721,0.9431593784024112,-0.1959144626341351,-0.3100070680718869,0.4876775799957662,0.092745623504979,-0.7013260353558186,0.5235832801811122,-0.8861448216865997,-0.0684933383103196,0.3983113443122832,-0.6744827475307529,0.7956862578298021,-0.8504892304998604,0.8068888969339403,0.9040429800644664,-0.6315403188850779,-0.6512759669092738,0.1555167773016257,0.992790629997064,-0.3414817985362655,0.1346239191584666,0.0157454937096774,-0.4767576578616941,-0.1501811840489766,-0.6937761263146791,-0.8408133311421873,-0.7938285056421606,-0.5897821415191264,0.3459013842514125,-0.7228212499718325,0.8854149760802328,-0.6282550444924475,0.7723284969162008,-0.9369670908003804,-0.9530562147198074,0.7809297563120972,-0.3820069297107193,-0.3859760516044463,-0.0488667043396213,-0.5298308820278681,-0.4977440902866903,-0.8368378236198206,-0.4013042446035866,0.5931294918434262,0.3800097278768015,0.0347682781766836,0.9399060679835956,-0.83505769972931,-0.8472212069193752,-0.6876692421876924,-0.8593046155108124,0.1996122967518103,-0.1131613675389693,0.6665251042487454,-0.0791770690129012,-0.8551663196459935,-0.6777987394011622,-0.7075899368356366,-0.0434785812068376,0.5592077213482161,-0.924229506983111,-0.4620455750202277,-0.6291014722506925,0.3302288175654224,-0.8491754908573834,-0.3049714613336431,0.8425758643642549,-0.6969442888669815,0.233457159230545,-0.1911002303129245,0.9581059102536378,0.5487189992209369,-0.4660259202371402,-0.8955163909344874,-0.0118494320520639,0.1661042040873932,-0.6013597723391055,0.4560693278651271,-0.7980227603997723,-0.5105732753970627,0.92646073568104,0.4723070548850199,-0.3345854567532274,0.9671001041608832,-0.1347849809322114,-0.6502121715829241,-0.440810630960696,0.7161531348963368,0.4394839656322336,-0.5251453410194669,-0.6621557177073836,0.9824177517910172,0.3509860407403509,0.2022235663483249,-0.2193420891859867,0.5624568018875788,-0.2637176812981345,0.2691448930423581,0.3425633302258641,-0.1938263297676485,0.4332874933265627,-0.6559462649697048,-0.8537988789206241,0.8459081494667746,-0.2815262323847662,-0.4398353503928471,0.6260434742315912,-0.4228035544921007,0.6186329765567657,0.7508182155399652,-0.3226629409599877,0.0094951428758975,0.5394641793137147,0.3946811339025027,-0.6809659045102152,0.9187823931807196,-0.2709236057764095,0.3030448623690993,-0.1714015380652132,0.729214055300798,8.0
-1.0,-1.0,1.0,-1.0,1.0,1.0,1.0,-1.0,-1.0,-1.0,-1.0,1.0,0.3142669366449561,1.0,1.0,0.0609130058606048,-1.0,-1.0,-0.9839972741219554,1.0,-1.0,-0.3422093045573372,-1.0,-1.0,1.0,1.0,1.0,1.0,-1.0,-0.2292943585156773,1.0,-1.0,0.5716722755010488,-0.323442975375542,-1.0,1.0,0.8692276512060223,0.6403284902185714,-1.0,-0.3834721544919718,-0.4398900249551543,1.0,-1.0,-1.0,-0.4918887721362504,1.0,-0.6819172199178375,1.0,0.4330474992305805,-0.4216547293222893,0.5849890677703453,-0.063702469755916,-1.0,-0.7655765482215002,-0.3171229574313369,0.7990712397547854,1.0,1.0,-1.0,-1.0,-0.2954436742495491,-1.0,-0.9035379501233122,1.0,0.3816093263372354,-1.0,-1.0,-1.0,-1.0,-0.1840350460324481,-0.8273416392103411,0.7513450008595878,0.4275896219995909,0.5777585606992297,-1.0,-0.7021046620552157,0.3955645390868603,0.1000221862331486,1.0,0.9817118915426484,-0.8652978957526836,1.0,1.0,1.0,0.5693060948431257,0.4383031314860005,-1.0,-1.0,-1.0,1.0,1.0,-0.3917927183402164,-1.0,1.0,-0.2039137060207724,0.8728995989889482,-0.8174779484147023,-1.0,0.0472224773264814,-0.973176473072858,1.0,0.3181272911180779,1.0,-0.8286172136204824,1.0,-1.0,0.5366347720931692,-0.7663094284998297,1.0,-1.0,1.0,1.0,1.0,-1.0,-1.0,1.0,0.0601254420405374,0.0003940256685897,0.6270255978480962,0.5874745973138966,0.7628512865507073,0.2139422864641114,-1.0,-1.0,1.0,1.0,1.0,-1.0,-1.0,-0.3890561076498244,1.0,0.6598172404631376,-0.6323624180267051,1.0,-1.0,1.0,-0.915889329515631,-1.0,-1.0,-0.669597092562675,1.0,0.5295604161509396,1.0,-0.5067794203972289,-1.0,-1.0,0.2492717952996104,0.9532108549397648,-1.0,1.0,1.0,1.0,1.0,1.0,-1.0,-0.2398575801167513,1.0,-0.5521150193302086,1.0,1.0,-1.0,-1.0,1.0,-0.1151935792383346,0.7019181668625455,1.0,0.7332061079176188,1.0,-1.0,-0.8255326218760701,-1.0,-0.086982320951365,-1.0,-1.0,1.0,1.0,-1.0,-1.0,-1.0,-0.0073909560841632,-0.5862606543807359,1.0,-1.0,0.167945630094038,-0.902949017623975,-1.0,-0.3102077955017461,-1.0,-0.5167597120649179,-1.0,0.6328814951145741,1.0,-0.6634142027969282,-1.0,-1.0,1.0,1.0,0.212923234234905,1.0,1.0,1.0,1.0,-0.5208072295037098,-0.8395437912557463,1.0,-1.0,-0.8813270412199029,-1.0,-1.0,-0.2770461607003258,-1.0,-1.0,1.0,1.0,-1.0,0.091870196487997,0.4336160403703257,0.5408062238382747,1.0,0.5128071138388379,-1.0,1.0,-0.6368221200181248,-0.3218283394181969,-1.0,1.0,0.5606654279379382,1.0,-1.0,1.0,-1.0,-1.0,-0.1429369658854019,-1.0,1.0,1.0,-1.0,1.0,1.0,-1.0,0.4482588288950786,1.0,-0.4777274586842493,0.5592569861683525,-1.0,0.640030468097643,0.8191391842743575,1.0,0.7503199335220276,1.0,1.0,-0.7327975534428897,-0.5870790552134866,-1.0,-1.0,0.3130720907672473,1.0,-1.0,-1.0,-1.0,1.0,0.0768614682519932,0.9052301580832888,-0.4134787034918845,1.0,8.0
-0.9098210421682,-0.8392418390477739,-1.0,1.0,0.2171478754088489,-1.0,1.0,-1.0,-0.9869584859481352,-1.0,0.5127262732398102,-0.9866816776674197,0.9859108757209458,-0.9877136495413854,0.9993469610494904,-0.9713520026623108,-0.063183868247096,-1.0,1.0,-0.9963468838017684,0.9835530260039372,1.0,1.0,-1.0,-0.9947219964388798,0.9724516730820214,-0.466903452861198,1.0,-0.9920250846385013,1.0,1.0,0.9276434533559634,-1.0,0.4782018193184222,0.9827991238114472,-1.0,-1.0,0.9980059638218448,0.9027986947962306,-0.9672548197872912,-0.9545771130658188,1.0,-0.8063803763981522,9.021800177947627e-05,-1.0,1.0,0.9960187021914484,-0.9053555137947982,0.9124777355614714,-0.9946080742402243,0.9974136760146802,1.0,-1.0,-1.0,-0.9400634475357668,0.992267624222603,-1.0,1.0,-1.0,0.1050079692808119,-0.2636382588398838,-1.0,-0.9935538157375896,1.0,1.0,0.9822132159129884,-1.0,-0.9856081639046887,0.9662098761334106,1.0,0.9534909950800352,-1.0,0.9914801551899514,-1.0,0.9919455375628616,-1.0,0.9654414358397588,1.0,0.9182070699463368,0.8098077299169184,-1.0,0.7213721571841306,-1.0,0.9916350455282176,-1.0,1.0,-0.9939524956817768,1.0,1.0,-1.0,-0.963012265595112,-1.0,0.8015558796583595,1.0,-0.9808494007763656,0.9983763911744656,-0.2804020773447997,0.9841372624172045,1.0,0.9968219725899172,-0.709700420886636,-1.0,1.0,-1.0,0.9901030702324864,-1.0,1.0,0.9914511488063392,1.0,0.993305263774738,-1.0,-1.0,-1.0,1.0,-0.7230480319175507,-1.0,0.6247834784054749,-1.0,-0.9121844261054378,-0.8040008621704993,1.0,1.0,-1.0,1.0,-1.0,-0.997805918403754,-1.0,-0.9905995291548652,-0.9976813779332973,-1.0,0.9184800826396908,-0.9618533190111884,0.960109872861812,-0.996072295727024,1.0,-0.8846725803307843,-0.9897940503592328,-0.99020870101305,-1.0,-1.0,1.0,-0.6812064342180411,0.9919871262333346,0.9956347056130308,1.0,1.0,-0.9986213215358128,0.4514351818950405,0.9885273472147652,1.0,1.0,-0.2834762987273289,-1.0,0.997186367437462,-0.5165268549553906,1.0,-1.0,-1.0,-0.982696209750139,-0.982980654065968,-1.0,1.0,0.9320777039770152,0.979473953911854,1.0,1.0,-0.1651911063272449,0.864574726777273,-0.8292028916555745,1.0,0.9595693598570136,-0.5402158442008866,0.9685733360969218,0.9725872689612518,0.941048603769698,-1.0,-1.0,0.2845741282227164,-0.9965231994374606,0.98362153860415,-0.270778768581055,1.0,1.0,1.0,1.0,-0.9407101221453132,0.9296934544475997,1.0,1.0,0.9736974169168102,-0.994860763581374,-1.0,-0.9873385543195676,-1.0,-1.0,1.0,1.0,0.767009172960302,1.0,1.0,-0.7030071708544005,1.0,-0.5215512897758068,1.0,1.0,-1.0,-0.8314680079337177,0.8104472183028073,-0.1575375141747035,0.9702310090402692,-0.9074363523648632,0.5742178597324032,0.9981497681474168,0.9855820232043032,1.0,0.176351890360361,0.9967927057171784,-0.6141658650505402,1.0,-1.0,0.5648508903175704,-0.99438263803451,-1.0,-1.0,-1.0,-1.0,-1.0,-0.9964404348794929,0.9990496563306392,-0.987939478065525,0.9894277152714406,0.7590524321365807,1.0,1.0,0.9484764848332824,0.7413413678178372,0.5943415208468095,1.0,-1.0,0.9836472354465924,-1.0,-1.0,1.0,-0.9808300913683268,0.9920642495613168,1.0,1.0,0.991411910869648,0.996532678483876,0.9746834856804616,-0.989051397390487,-1.0,0.9798610181531372,0.989439675805222,-0.9973118134120084,1.0,-1.0,-1.0,-0.8018271068265113,-1.0,-0.9486278148133092,0.988709604225006,-1.0,0.9916530086539198,-1.0,8.0
1.0,-1.0,-0.3112851341572022,0.2086837622295763,0.1170002766905151,-0.4013174634235239,-1.0,1.0,-1.0,-1.0,-1.0,-1.0,1.0,1.0,0.0710717990528397,-1.0,-0.0554615854403216,-1.0,-0.5665707231548035,-0.6485654383411663,1.0,1.0,-0.5931463853134342,-1.0,-1.0,0.149701746217982,-1.0,-0.653868850042912,1.0,-1.0,1.0,1.0,-1.0,-1.0,1.0,1.0,1.0,-1.0,-1.0,1.0,0.2390171023448352,0.0374147387234951,-1.0,1.0,0.0972558913787364,1.0,1.0,-1.0,1.0,1.0,-1.0,-1.0,1.0,1.0,1.0,-1.0,1.0,-0.5658800432270995,1.0,-1.0,-1.0,1.0,-1.0,-1.0,1.0,0.0667438171118507,1.0,-1.0,0.7168221910798269,0.588536111008185,0.5683605884488702,-1.0,1.0,1.0,-1.0,-1.0,1.0,-1.0,-1.0,0.4203763522068819,1.0,-1.0,0.5616233745207274,0.1262205073860236,1.0,-1.0,1.0,1.0,0.7919471624967347,-1.0,1.0,-1.0,1.0,-0.1161695037123161,1.0,-0.372970534934135,-1.0,0.7929152489898186,-1.0,1.0,1.0,0.7528267580118574,-0.4680227738828514,-0.95731837346197,1.0,-0.1257537007963549,1.0,-0.1569965048605051,-1.0,1.0,0.5976897518858055,-1.0,1.0,-0.4486184536893303,-1.0,1.0,-1.0,0.6058821523338969,1.0,1.0,0.3839769655574867,-0.0613559160185361,1.0,1.0,1.0,1.0,-0.7075514050685713,0.5445097856431987,1.0,0.00574521537599,0.5855672781706474,1.0,-1.0,-1.0,1.0,1.0,0.6708306948248401,0.5406321662739489,0.1713884412070585,-0.5937687290389726,-0.5985150435567439,-1.0,-1.0,1.0,1.0,0.8685667914621522,1.0,-1.0,1.0,1.0,-0.3580424506079911,1.0,1.0,1.0,-0.3001870051279309,-0.8504453550637538,-1.0,-0.2724194081387552,1.0,-1.0,0.7783692206180527,1.0,1.0,1.0,-1.0,0.9005427546733815,0.1042581525284793,-0.4242299538744893,-1.0,-1.0,1.0,1.0,1.0,-0.7443140429137989,1.0,-1.0,1.0,-0.659768045242479,-0.7435967107133179,1.0,1.0,1.0,-0.293673667974748,-0.990100305384997,1.0,1.0,-1.0,1.0,-0.6222768720675516,0.3860964205269646,0.677800080224183,-1.0,-1.0,1.0,1.0,-1.0,-1.0,-1.0,1.0,-0.8947196957369556,1.0,-1.0,-0.5302242387460372,1.0,1.0,-1.0,-1.0,1.0,1.0,-1.0,-1.0,-0.3359470337831545,-1.0,1.0,0.4234837782285536,0.6572741302250669,0.7436129714201816,-1.0,0.556674027311636,-0.8934334242894619,1.0,-1.0,1.0,1.0,1.0,1.0,1.0,1.0,-1.0,1.0,-1.0,-0.9648146425109294,-1.0,1.0,-1.0,-1.0,1.0,0.7427928344349313,-0.1744434865246525,-0.6493145760503148,-0.7139789065086019,-1.0,-1.0,1.0,-1.0,1.0,1.0,1.0,1.0,1.0,-0.6592168592120993,-1.0,1.0,-0.1652058595222443,0.2236220114576261,-1.0,0.4643271114441798,1.0,1.0,0.8002193113972695,-0.9874124815089746,-1.0,0.0699969907340123,0.5709172936983254,1.0,8.0
-0.7773689607639602,1.0,0.6920450362884436,-0.9934653052037236,0.9969588464517166,-1.0,-0.9991033278295692,1.0,-1.0,1.0,0.9818091062320832,-0.9042612168741736,-1.0,-1.0,1.0,0.9829054769510543,-1.0,-1.0,0.9795511501253622,-1.0,0.0605777691839256,-1.0,0.98659857724305,0.9874049639001096,-1.0,0.3713890363964662,1.0,1.0,1.0,-1.0,0.970230365665202,1.0,0.9869779216413636,-1.0,-0.7103849700147171,1.0,0.1061694180266492,-1.0,1.0,0.995726302095802,-0.3603612132853404,-1.0,-0.7613699365478016,1.0,0.9683120804774068,-0.974943952728815,-0.4523931735800277,-1.0,1.0,-1.0,-1.0,-0.990284986514213,1.0,0.1251039315230667,-1.0,1.0,-0.985192324707966,1.0,-1.0,-0.9916850975230868,-1.0,-1.0,0.4407573220876897,0.8215083868523202,1.0,-1.0,-1.0,1.0,-1.0,-1.0,-1.0,-1.0,-1.0,-1.0,1.0,-1.0,-1.0,1.0,-0.1569304014251692,1.0,-0.4158724555046114,-0.9870751719105568,1.0,0.5246290250959011,-0.3875357091475409,1.0,1.0,0.9823967990841812,-1.0,1.0,0.985246047685392,0.457380675165434,0.999576565779145,-1.0,-1.0,0.972231980428539,-1.0,-1.0,1.0,1.0,1.0,1.0,-1.0,1.0,-0.995962839886516,1.0,0.9862025155043136,1.0,1.0,1.0,-1.0,1.0,1.0,-0.9758656220859364,-1.0,1.0,-1.0,0.2343385964031886,-1.0,1.0,-1.0,1.0,-0.5200071364627056,1.0,-0.998619121609828,1.0,1.0,1.0,-0.983513620839522,1.0,1.0,1.0,0.9714024480785411,0.98910129811466,-0.9942537746602548,1.0,-1.0,1.0,-1.0,-1.0,-1.0,0.9894604515869148,-0.3616686329970748,-0.9781511678491144,-1.0,-1.0,1.0,-1.0,-1.0,-1.0,1.0,0.9972880428492412,0.9886235482136516,-1.0,1.0,0.322165237498726,-0.9856408036915416,-0.998008467339841,-0.779106294968956,1.0,-1.0,1.0,1.0,-1.0,-0.9866497205184084,-0.0704601359698331,1.0,1.0,0.9928729662566504,-0.9889490785479156,-1.0,1.0,-1.0,0.9476149444504078,1.0,-0.998020823160447,1.0,0.6617544441747778,-1.0,-1.0,-1.0,-1.0,-1.0,-1.0,1.0,-0.9927460947079406,0.9926128152258468,1.0,0.9980899332018248,-1.0,-0.9893671429930744,1.0,-0.7775581672248291,0.8210627629077576,1.0,0.994686925157028,-1.0,1.0,1.0,-1.0,-1.0,-1.0,0.9969556317144412,1.0,1.0,-0.9038868487118636,-0.4782680714021814,0.9916153925545323,-1.0,-0.9987941233954196,-1.0,0.7274171873168052,1.0,1.0,-1.0,-1.0,1.0,-1.0,-1.0,-1.0,-1.0,0.7443632194095964,0.9572289119163256,0.1430393793964102,0.357140874405687,0.5082058826429419,1.0,-0.9992114660143498,1.0,-1.0,-1.0,0.997146141413469,0.9990988146323572,-0.9917478625349896,-0.992701999269678,-1.0,-1.0,1.0,0.9882991968712268,0.1391926908438759,-0.37653005546525,0.52336168332372,-0.7689232225105007,-0.7693218538992082,-1.0,1.0,-1.0,-0.8487616145984238,-1.0,1.0,0.1962667839333757,1.0,-1.0,-1.0,1.0,-1.0,1.0,-1.0,0.9998420915165276,-1.0,-0.5228136805968321,1.0,-1.0,1.0,-1.0,8.0
-0.6893238292807465,1.0,-1.0,-1.0,-1.0,0.9895388588212688,-0.9885333945741308,-0.9920487919195144,1.0,0.1657993278179506,-0.8471574059891922,0.9114629805179484,0.8298000662846737,0.9422407721670456,-0.9639802220817726,-1.0,0.8440244821344562,-1.0,-1.0,1.0,0.9726904447564936,-1.0,1.0,-0.9800603979571127,-0.5652079912532945,1.0,-0.3207661387152787,-1.0,-1.0,0.9482478289435208,-0.9107754150500804,-1.0,1.0,-0.9900017229118034,0.9849828655090032,-1.0,0.9667652148452902,0.8924066557417754,0.4809381218681487,0.8757437652183367,0.4900512396623322,0.9796571919174348,-0.9603291273153536,-0.1809681099406574,0.2036734959576305,-0.9775895002213844,0.463965001236574,-0.8210200436712763,-0.9913531869329552,-0.9942227702819306,0.8568262660045447,-1.0,-0.4500275188315356,-1.0,-0.8819913700722062,1.0,1.0,-0.9571599284907047,-0.9755979577847732,1.0,-1.0,0.9251444614057528,0.9994556577726956,-0.9721261786845444,1.0,-0.8832911321487347,0.5920249602616106,-0.7105058045275892,0.8942332628904778,1.0,1.0,-1.0,0.995039641302816,-1.0,-1.0,0.9787483789768984,-0.9719252095915468,0.9990060687803975,-0.9554147690798854,-1.0,0.9968128099883792,-0.5172305133750144,0.6217611879322843,-1.0,-1.0,-0.998692727360546,0.8521371476632752,-1.0,1.0,-1.0,-0.6892068667790405,-0.9007209567561456,1.0,0.9870152197757838,-1.0,-0.949428506750412,0.998472370617524,1.0,0.2512397120573146,-0.9013973428432418,0.5608735589119456,1.0,1.0,-1.0,1.0,1.0,0.1410362066205892,-1.0,1.0,-0.8141921127861009,1.0,-0.923819478330582,0.9960536575604698,-0.9058793945119152,0.9969804354383924,1.0,1.0,0.8905244901171828,0.8921055540174905,-0.9974407007641136,-1.0,-0.9922410863826694,-1.0,0.9919735932406742,1.0,0.9441190532369564,-1.0,-0.9956585982537244,-0.9809128061917584,-1.0,1.0,-1.0,-1.0,-1.0,-1.0,-0.9996498116784708,-0.9955492449616448,0.8047049711240304,1.0,-1.0,0.7939312373072204,-0.9596008314134078,0.987215397988602,1.0,1.0,-0.8647386556118426,0.7338384042750397,1.0,0.9890278710008288,0.8029343292932716,0.7775686625402338,-0.8723253627219214,0.2170858651609037,-0.205097074537147,-1.0,-0.1596819870844259,1.0,-0.3643263364338602,-1.0,-1.0,-0.8737786267034721,-1.0,-0.96536960616567,1.0,-1.0,1.0,1.0,0.9860990961151596,-0.6724525478820604,-1.0,0.8335058026101355,-1.0,-0.9450959397535008,1.0,1.0,0.6598742726017345,-1.0,-1.0,-0.6199424081686643,0.985021291195074,1.0,-1.0,0.9772168671304448,-1.0,0.0775914104015807,1.0,1.0,-0.9929549287473456,-0.9676387279982812,1.0,0.9910065249559482,-0.9647362099123924,-1.0,1.0,-0.9654965440076064,1.0,0.8168548795244385,-0.7730108190706753,-1.0,0.920484910943275,-1.0,0.3838863473383699,-0.9938704650884492,-0.5584296386412069,1.0,-1.0,-0.940480408968258,0.9803155422198768,-1.0,1.0,0.1903779649607291,0.9559513767002648,-1.0,-0.0640178102132267,-0.1819768317569484,-0.9802402639870416,0.9976967234518096,0.9889064385663996,-0.9671924893012518,-1.0,1.0,-0.9390684772102422,-1.0,-0.9738437708861468,0.9392588926149256,-1.0,-0.8255248779371391,0.9886073983399536,1.0,1.0,1.0,-0.9565400043168614,-1.0,-0.7013893837648749,0.9231366254447352,-0.9154282176165408,1.0,1.0,1.0,0.9886894946963604,-1.0,-1.0,0.9760134593996592,0.8178486421906757,0.9945385974908488,0.7402799063088957,1.0,-1.0,-1.0,-1.0,0.990497172896384,-0.7456861938745948,0.988251191654675,-0.973579801601229,1.0,0.9173447496538928,-0.993404266814244,-1.0,1.0,0.9513630114496264,1.0,-1.0,-1.0,1.0,-0.9926366860602384,8.0
1.0,0.0414756830440914,1.0,-0.9997921487438904,-1.0,-0.983315941164122,0.0577678950605725,-0.9830059133700908,-0.3521299019857968,-0.9904761428102854,-1.0,-0.9786474852155576,1.0,-0.8640671551334593,-0.5989749207224684,1.0,0.9964237353290964,-1.0,0.9991688646870672,1.0,1.0,0.092101972152516,1.0,0.990558003384313,-1.0,-1.0,1.0,-0.995915529728141,-0.9897398546392436,-0.98484059933133,1.0,0.9895963769846748,1.0,0.500451729925447,1.0,-1.0,0.9864785228234394,-1.0,-0.9150900013426227,0.6806610564552087,0.021933083513535,-0.4908265972369421,1.0,-0.9883824127686336,1.0,0.781471513783971,1.0,1.0,-1.0,0.9891220768995984,0.8428684233674415,-0.7416319858090011,1.0,-0.9916155661198855,1.0,0.9892116256263624,1.0,1.0,-1.0,0.9980835765418636,1.0,-0.7659301069110369,1.0,-1.0,-0.2409607601741953,1.0,-0.8900889613201732,1.0,-0.9803714657291052,-0.9845272205849998,-1.0,-0.9735790458939936,-0.9952011423028312,-1.0,-0.8458231114683775,1.0,0.9842971726653262,-1.0,-0.2817707945866288,0.995109406527738,0.6149824616812374,-1.0,-0.9979064185107018,0.1284143462944973,0.9235989796407724,-0.991378234393312,-1.0,-0.990182410917422,0.9876688674517178,-0.9892423362606196,0.992293143076433,-0.417297434907294,-1.0,-1.0,0.2814112683985671,-0.9724152733478698,0.5874929621938638,1.0,0.9869318347537124,1.0,-0.9450513065210128,-0.7529701862780701,-1.0,0.792816029507841,1.0,0.1985110500981986,1.0,0.996163141878704,-1.0,-0.9941466549362143,-0.018987738574079,-1.0,-0.9925398298980012,-0.9813939911473428,-0.7318912880441197,-0.4250829359045238,-1.0,-0.3583822497332516,1.0,-0.9864773165022656,0.409854859692339,-0.9946275608172958,0.9906775437981348,-0.9898766397865048,0.6012343349311495,-1.0,1.0,1.0,-0.983128983815083,1.0,-0.0311828947895587,0.9958556070439912,0.7227361966556247,-1.0,-1.0,-0.9955756388564508,1.0,0.3163684726808827,-0.992373619179466,0.9960314800789314,-1.0,1.0,0.993386882340716,0.9840131257995126,1.0,0.97777740082649,0.9952113930516924,0.9949074486380806,0.0590783018117004,1.0,-1.0,-0.9913725796115798,-1.0,-1.0,-1.0,1.0,0.992162084582776,1.0,0.1911490190402264,-0.9910535082572748,1.0,0.9855797246482384,-0.358696572694542,0.992002219850456,0.5325250166470913,0.1675371517804624,-1.0,0.9921724764254426,-0.9983672879522268,0.9943878114661816,1.0,-0.9827613310624354,-0.9915977138841288,1.0,-1.0,-0.8585278500588663,-1.0,-0.4630811549946023,1.0,-0.9822379618223368,-0.9971607030936216,1.0,0.9893797609772916,-1.0,1.0,1.0,0.8530805152155259,1.0,0.970759608853122,-1.0,-1.0,0.2110739916028117,0.9855465533583438,-0.8599717978376717,1.0,0.9910945539511692,-0.9816982472497132,0.3444109540529646,-0.9963225319685776,-1.0,-0.9950571776574224,-0.9932663305784668,-0.305908486935315,-0.9878607974207356,-1.0,0.906126398837294,-0.996123117051488,1.0,1.0,0.9962408072167944,1.0,-0.9801937108025038,0.9904277966729136,0.9350616462985404,0.9013750452785914,0.5912125088443158,-1.0,0.1776729560982486,1.0,-1.0,0.995309777174144,1.0,-0.9941506630030378,-0.9867579395819012,-1.0,-0.9997104187854632,0.9784977243624484,1.0,0.2637657044325037,0.0209466165054694,-1.0,1.0,0.8717275519796315,-1.0,0.211379978564242,-1.0,1.0,-1.0,0.9947236997391696,-1.0,-0.8256383080128107,0.9643002853824948,0.4586799426660057,-0.9944851684231496,0.5797136241506052,1.0,1.0,0.3376400900155821,1.0,-1.0,-1.0,0.9979425915763356,-0.8749289974404499,-0.6931271320981354,1.0,0.1826059006497819,-0.9927966399549476,-0.9846817288853256,-1.0,-1.0,0.8029492971715646,0.1053158635940402,-0.9967592818353008,-0.9977624115622882,-0.6434115574093305,8.0
1.0,-1.0,1.0,0.540326262025018,1.0,1.0,0.7374537247419111,1.0,0.8679167244585344,-1.0,-0.1616454894055244,-0.9870895607830064,0.6266911753835325,-1.0,-0.992805929948575,1.0,1.0,0.9795948036976204,1.0,-0.9474190821671996,-1.0,-0.9982463129091684,-0.987984777515604,-0.9834582607089336,-1.0,-0.9942160753552288,-1.0,-1.0,1.0,-1.0,1.0,-0.9972916377390024,1.0,1.0,-0.994144952069836,-1.0,1.0,-1.0,0.3198793297425555,1.0,-1.0,-1.0,1.0,-1.0,1.0,-0.9901662403863596,-0.9986399896290512,1.0,-0.1486786105959282,1.0,1.0,0.9855690991750428,-0.9961325950643886,1.0,1.0,-1.0,1.0,0.9989779366670356,0.9841381594627728,0.984978401791534,1.0,0.9840344705100216,1.0,-1.0,1.0,-1.0,-1.0,0.9971972091040696,0.760419113278571,-0.9793564841151708,1.0,1.0,0.9946777338493566,-0.9986640037057364,0.999348904083072,-1.0,-1.0,-1.0,-1.0,-1.0,0.972553528579719,1.0,0.9896866283556852,0.9881387664155092,1.0,-1.0,-1.0,1.0,-1.0,1.0,-0.997119736893314,-1.0,0.9893345557788434,-0.7173076571228463,0.9874583490446868,1.0,-0.994598786460372,1.0,-1.0,-0.6636518214737155,-0.9802098332806,1.0,1.0,-1.0,-0.9801765905354712,-1.0,0.0470622668428526,-1.0,-0.9954907954110616,-0.8787384781523606,1.0,-1.0,1.0,-1.0,-0.9911672410437218,0.9924586059480078,-0.9992778775737546,-0.4787350850558505,1.0,0.992108458072795,1.0,0.994555444169576,1.0,0.9963386820928256,-0.9901473417178296,1.0,0.9923833354268856,-1.0,-1.0,-0.9417769845603364,-1.0,1.0,0.599394688772021,0.920449742073937,0.5829001829556602,1.0,-1.0,1.0,-1.0,-0.9969660822252135,-1.0,-1.0,1.0,0.9947387676064672,0.9973354062737488,1.0,-0.9853145493322164,-1.0,1.0,1.0,-1.0,0.8875971375002789,-0.9900078936713522,-0.9873072787441968,-1.0,1.0,-1.0,1.0,-0.9956073884024697,-1.0,0.9997747893871468,1.0,1.0,1.0,1.0,-0.9893253087812904,-1.0,-1.0,-1.0,-0.9987677441070748,-1.0,1.0,0.9884203727522376,-0.9864112071050178,0.969711235132394,1.0,1.0,0.9714631723452276,-1.0,1.0,1.0,0.980189287323022,-0.8411212154925614,1.0,-1.0,1.0,1.0,-1.0,1.0,0.9922318014923194,1.0,1.0,1.0,-0.9999065944671116,-1.0,0.8572754127118413,-0.9826835973749376,-0.5889303995563097,1.0,-0.9861671392502508,-1.0,-1.0,-1.0,-1.0,-0.9991484614983284,0.9839252405682078,-1.0,-1.0,1.0,-1.0,1.0,1.0,0.9900941245864724,-1.0,0.3659349311948379,-1.0,-0.9961843458304572,1.0,0.9929287462840892,1.0,0.264232129898667,1.0,1.0,-0.9764726575389798,-0.9798046437232808,-1.0,1.0,0.997588198489976,0.9793686726321116,1.0,0.9916224254055256,-0.9925762751888804,-1.0,0.9951942488342052,0.6872761263499318,-1.0,-0.9863794684710948,1.0,0.99851720681664,-0.998099488891411,-0.9852523600476136,0.99079810764883,0.9922539899378006,1.0,1.0,0.9767051190775377,1.0,-0.9953219927484912,1.0,1.0,1.0,-1.0,0.7196678589429295,-1.0,-1.0,0.98247597615175,1.0,-1.0,-1.0,1.0,-0.9915505311196868,-1.0,1.0,-0.9987391161685316,-1.0,6.0
0.6109555323499969,-1.0,0.8807812966073582,-0.9966362389787886,-0.9410804543249556,-1.0,0.993548184224505,-1.0,1.0,1.0,0.9708869766669576,-1.0,1.0,-0.9569442960873524,-0.995060127131756,1.0,0.9158237163687492,0.992137777514392,1.0,1.0,-1.0,0.9099831393208078,0.9670887351295538,-0.936795065427404,1.0,-0.9929121606495191,-0.0132722211662206,1.0,-0.9425080900612696,-1.0,-0.92608384870482,0.9968045362573384,0.9967818596626332,-1.0,-1.0,-1.0,0.9609916131872706,0.9326586949304396,-1.0,-0.5600689928389173,-1.0,0.9885315875404,0.97458283133051,1.0,-0.986598003713146,-1.0,-0.8231810107299697,0.7984860779330012,-0.9194982359274156,-0.962076702406348,1.0,-1.0,0.1633003364316043,0.8252107026411051,-1.0,-0.995561159442092,0.9492242178557796,-1.0,-0.5555976949097436,1.0,0.9733937699723156,0.7768363398058418,-1.0,-1.0,0.3454720839640405,-0.965747787741337,1.0,-1.0,0.862943916224349,-1.0,0.9075776324335852,-0.9480923586703848,1.0,-0.9080164477084528,0.525605853014287,-1.0,0.9514360249587588,1.0,-0.9629590175104488,-1.0,-1.0,-1.0,-1.0,-0.9686709237539304,0.3022830428638549,-0.9681546835725804,1.0,-1.0,0.823544959395398,1.0,-0.9794291167891118,-1.0,-0.9609803406700445,0.987604698167888,0.9831414595434376,0.9800334701595196,-1.0,-1.0,1.0,0.9684097670641836,-0.7703187976741631,-0.9839137352774234,-0.7438700789134973,0.3410937698871396,-1.0,0.0527094677053117,-1.0,0.9945359645135524,1.0,0.9874947664278492,-1.0,-0.3642137403208251,0.925910494261749,0.9431966700238124,-1.0,1.0,0.6869232080715643,0.6048042075734114,-0.5579399056729379,-1.0,-1.0,1.0,-0.4087371912797533,1.0,1.0,0.9148998894604052,-0.9847863426319664,1.0,-0.9841378061407212,1.0,-0.9100511310011448,-0.9980368807528596,-0.872150557156911,0.8301176570463347,-0.5167032193193656,-1.0,-0.3702934896495005,1.0,-1.0,-1.0,1.0,-1.0,-0.9677191727111704,-1.0,1.0,-0.961469497286702,-0.9977747190454336,-1.0,0.9732658892883682,-0.97830661849882,1.0,0.0861783401790053,-0.8311958386951773,-1.0,0.8853541102930087,1.0,0.6811902404824266,-0.7635041752551803,0.9682051987067576,1.0,0.9815145651072856,1.0,-0.995226930503493,-1.0,0.9880834980639815,0.5840100879768892,-1.0,1.0,-0.7610168170619451,0.936264599468574,0.1378097471900392,-0.6854518737814094,0.4947176603929808,-0.896450649307802,1.0,-0.9931911591003062,-0.98101983944488,0.8980391821751995,-1.0,0.94329825080857,0.6378620973946466,-0.9842274428993848,0.1365817546153055,1.0,-0.9376873998421028,0.9344978079117656,0.625347294922511,-0.9411140150705216,-1.0,0.9782475373651464,-0.4432814281815003,1.0,-0.9849419544019852,0.9615150719466428,1.0,0.7649322120558514,0.9843909317386564,1.0,-1.0,-0.9883804146520307,-1.0,-0.9871034362625642,-0.9648776067444784,-1.0,1.0,0.9858476547281472,1.0,-0.9517276059109672,-0.9715491242337904,0.9989750679326914,-1.0,-0.9830936982657108,-0.5799853786242704,0.9478108828758504,1.0,1.0,1.0,0.9848483041888458,-1.0,-1.0,0.9442081545380352,1.0,0.4296337063947939,-0.9871064319376792,-1.0,1.0,0.9888628154786184,1.0,-0.9818340893026756,-0.0922339770430746,0.8794489553036947,-0.6364189307490183,0.9955040338283084,-0.9477707272571884,1.0,0.996033060490649,0.981397927868978,0.9140489676663384,1.0,1.0,0.9392687224987128,0.950870324364821,1.0,0.9962639448104198,-1.0,-0.9945459448324422,1.0,-1.0,0.9591583275247932,1.0,-0.9181039446052186,0.9233580456275108,1.0,0.982551566268653,1.0,0.7890099284758004,-0.9830581511653126,0.9803960546761452,0.8310215339561526,0.9481559471941744,1.0,1.0,-0.997669260624328,0.4865646226004849,-1.0,6.0
-1.0,1.0,0.9695388101982368,1.0,-0.9943639040843258,-0.9636321882841832,0.993594012622444,-0.9708761267936566,0.973081192549455,1.0,-1.0,0.9368320596175452,0.9257420188747122,-0.9805737337272452,-0.9938252116955032,-1.0,1.0,0.9780076678673374,0.9782296137456936,-1.0,0.9765122340446232,-0.9788760443505512,-0.9939089283194112,0.9503258345949316,1.0,1.0,-0.98398844605114,-0.9559730116098928,1.0,0.998087695605043,-0.9949620299904202,1.0,0.9387517298497012,1.0,-0.934721490124076,-1.0,-0.9851659597407074,0.9555670194340132,0.983227407772022,0.9444350478068932,1.0,1.0,0.9888258328785334,-1.0,1.0,0.9951714462352348,-1.0,0.9873653701477269,-1.0,-1.0,-1.0,-0.9901023953479078,1.0,1.0,0.9731166886415242,-1.0,0.9346783600794998,0.9643372286352644,-0.9928938115495336,0.8835371913567939,1.0,-0.9555449299774036,1.0,1.0,-0.940869387788438,0.9564034904813143,-0.9602170031504762,0.9584812321308211,0.9766422238485628,1.0,-0.968438267302478,-0.989296410463385,0.9726794948015198,1.0,0.9036534935272368,1.0,-1.0,1.0,1.0,1.0,-1.0,1.0,-0.9366185781284015,0.9821771562644168,-0.9895152296302516,1.0,-1.0,-1.0,1.0,1.0,1.0,1.0,-0.9830939148620036,-1.0,-0.9950139129656804,1.0,1.0,-0.9854827423603848,0.9671849257668012,-1.0,-0.9900160360463282,0.9261964807246276,0.9941055225203024,1.0,0.9967770432055914,1.0,0.986608375645231,-0.9981117598133814,-0.9967906299560594,-0.9990075990208714,-0.9728591789308514,-0.9979725191571308,-0.9763387928608138,1.0,-0.989332347202742,0.9786635851303443,1.0,0.9840992694529764,-1.0,0.9783256282438052,-1.0,-0.9930242395858396,1.0,-0.9713963440715928,1.0,0.9999216045213004,1.0,-0.9168162154160066,0.9659966744421892,-0.9960023568784376,1.0,-1.0,-1.0,1.0,-0.9940379901810074,1.0,-1.0,0.9774442056787924,1.0,0.9803075913579032,1.0,-1.0,-0.9773320471971852,-0.9489007008888304,-1.0,-0.9968613694125597,-1.0,-1.0,-1.0,-0.987359377616123,-1.0,-0.984302716082203,0.969575313478822,0.9885146330788348,1.0,0.984534369691676,0.9815099470319224,-1.0,-1.0,-0.9776786932392184,-1.0,0.8970465697102867,1.0,0.9954595264622784,-1.0,0.998676843086448,-0.9838852120685764,0.9778067557761876,-1.0,-0.9471664921799144,0.9933251856693882,-0.9974078482341144,-1.0,-1.0,-0.9708311136281084,-1.0,0.9414956888742896,1.0,0.9383787383071364,-1.0,-0.996998576758874,-1.0,-1.0,-0.976212813327444,0.991167729747324,-0.9890460514189132,-0.987860840039346,1.0,-0.9707981213241452,-1.0,0.9976657230657938,-0.9899875474567086,1.0,-0.9124135380233386,0.9865829756088108,1.0,-1.0,-0.984735524563839,-0.984045691915702,-0.9992129737152484,1.0,0.998857885608408,-0.9451318547783826,-1.0,-0.9783330878487294,0.8451152713407867,-0.9936940573726898,-0.4820569801400066,-1.0,1.0,-0.9855781687094048,1.0,1.0,0.9468599979740544,0.9371422538514438,1.0,-1.0,1.0,-1.0,-1.0,0.9991083594485848,-0.9808338560174298,-0.9938040502814416,-0.6604097013798204,0.9971502539610756,-0.8973704815191245,1.0,1.0,1.0,0.9969450560848052,0.0116827888328104,-0.9878805886224372,-0.8690263344515323,-1.0,0.9581245138869192,-0.9618515543801738,-1.0,-0.924242604946232,-1.0,0.928268973065547,0.9950733728744736,1.0,-0.977965001341418,0.9888756406881536,1.0,-0.9975454762687836,-0.9923765328190476,-1.0,-0.9944410066321124,-0.9952124777020454,-1.0,1.0,1.0,-0.9597226434407546,0.9906242226478952,-1.0,-1.0,-0.8921554187944464,-0.9900275835304478,0.9229311368502072,-1.0,-0.979283023374648,-0.9883860052821803,0.9936522680220724,-0.9970443925086296,6.0
-0.9871658105882716,-0.963140995069724,1.0,0.9773420272137218,1.0,1.0,-1.0,-1.0,-1.0,-0.9496365368201716,0.7234189814078446,-0.9955773273035736,0.9813482764152356,-0.99721719807181,0.9563257110094638,-1.0,0.9894118602774644,-1.0,0.998882246362355,0.0680305987272043,-1.0,-0.9514656766557792,-0.3050381760073262,1.0,-0.9974554022040044,-0.9891924342774792,1.0,1.0,-1.0,0.4294892377966444,-1.0,1.0,-0.5589024016827643,-1.0,-0.9798140271181932,1.0,0.4379564152078886,-0.9874596626192608,-0.2241428538628953,-1.0,-0.942504138037262,-0.9661930870496018,0.9366703067725888,-0.6905216409666627,-0.9743990816311092,-0.9887321899684662,-1.0,1.0,0.3342137208618173,-0.9024862430026352,1.0,-0.9915359651163425,1.0,-1.0,-1.0,0.9952238369796866,-0.9940323717030656,1.0,-1.0,-0.8916690010558449,-0.997228836297782,-1.0,1.0,1.0,-1.0,1.0,0.0456096415840161,1.0,-0.9883091961574488,0.9941798530269578,-1.0,1.0,0.9721388653541831,-0.9509490562435448,1.0,1.0,1.0,1.0,-0.642109203626168,0.9953471814502042,-1.0,0.995517074066276,-0.855960213306493,0.9999973362096648,-1.0,-0.361235054618772,-1.0,-0.969277791702714,1.0,0.6741960275847731,1.0,-1.0,-0.921800255400624,0.9659460633991368,-0.9725477910807108,1.0,-0.9946949477428104,1.0,-1.0,-0.8178552725447081,0.77801509809537,1.0,0.2346978688253719,-1.0,1.0,0.8689205757119541,1.0,-0.9349513989729412,-0.9990971313901968,1.0,-1.0,-1.0,-0.6578458574360573,-1.0,1.0,-0.9922580069206214,1.0,-1.0,0.2411960869239598,1.0,-1.0,-0.8946774419160288,-1.0,-0.9580991344218652,-1.0,-1.0,-0.981409489237687,-0.9975867501025016,-1.0,0.9290867409037192,-1.0,0.9484417127886672,0.7345815230201848,0.999623698018151,1.0,0.7268034362004088,-1.0,-0.994966599015363,1.0,-1.0,0.6831341654313461,0.8241529627263044,0.5297477605134091,0.6981729605281883,-0.1016587213867117,0.1587255241080737,0.9982235509347168,1.0,-1.0,1.0,-0.3495314510588683,-1.0,0.925878455277372,-0.906227529792782,-0.9830206055097004,0.994253613821118,1.0,0.9900745317259813,-0.9960985746243288,0.9958188572814765,-1.0,-0.6972698863528224,-1.0,0.9692032554174532,-0.9840311619885788,-0.3433674780506762,-1.0,1.0,1.0,1.0,1.0,0.3843690514185467,1.0,1.0,-1.0,-0.4513802617607428,0.9858534731532986,-1.0,-1.0,-0.9867142398154816,-0.9496772109243344,-0.847705671982188,-1.0,1.0,-0.5220340427164087,1.0,-0.999786010910109,1.0,1.0,-0.1088694791088843,-0.9863282147605724,1.0,-1.0,-1.0,-0.9891433704989572,-0.9931406642576444,0.990838092692714,1.0,0.9928986032800924,0.996763912732694,1.0,0.8963495762355446,1.0,-1.0,0.4898430632130232,0.933468715245588,-0.9714743990033244,-1.0,0.9687368381766934,1.0,-0.9916469915639052,-1.0,-1.0,-0.995951541071432,1.0,1.0,-1.0,1.0,-0.9800401185055548,1.0,-0.0637633051392204,1.0,-0.9718959165660002,1.0,-0.9892156285643232,-0.91998949826068,-0.9945950122193312,-0.9864283585468256,0.8177395287261735,-1.0,-0.9409024854403694,1.0,1.0,1.0,1.0,1.0,-0.9912544878537846,1.0,1.0,-1.0,1.0,1.0,1.0,0.9770385677598716,-1.0,0.58806165155961,-0.7922315837443962,-0.9590476339398664,0.9745627533790544,1.0,-0.1371309269588128,-0.9953276746567368,0.8638601079870666,0.994824601668202,0.985908825749832,-1.0,-0.9773849575509234,-1.0,-1.0,1.0,0.778431181338004,1.0,-0.9680856594490428,1.0,0.9986495704843948,6.0
-1.0,-1.0,-1.0,0.3805752225026997,1.0,0.9604557731809924,0.6477289673697582,0.2359191023439208,-1.0,-1.0,-0.2404868145658742,1.0,-1.0,0.9652537987513956,-1.0,-0.4545091885692749,-1.0,-1.0,1.0,0.2826714507214083,1.0,-1.0,1.0,-0.4505129239046836,1.0,-1.0,-1.0,1.0,-1.0,-1.0,0.2460760162224438,1.0,1.0,0.5366794764519445,-0.9980280892957824,1.0,0.6440408679160177,1.0,-0.7420020149391948,1.0,-1.0,-1.0,1.0,-1.0,-1.0,0.0182880569514856,1.0,1.0,0.6033490104237127,-0.9836634880727424,1.0,1.0,1.0,-0.1819595079356246,-1.0,0.8446931055561557,0.330262020116174,1.0,-1.0,-0.3622714341254847,0.8441408558240109,1.0,0.2283386101563465,1.0,0.8332578384828926,-0.7349897870840348,1.0,-1.0,-1.0,1.0,0.3818991497782729,-0.1304239495564765,-1.0,-1.0,-0.6698084115857592,1.0,-1.0,-0.7484966685447042,-1.0,1.0,-1.0,0.9620736400420558,0.2356283878584485,0.2724423327260457,0.4175971153501564,1.0,-0.207790826252414,1.0,1.0,0.5781290597177042,0.557196616073256,0.7579825356354712,-0.7791869771914887,-1.0,1.0,-0.4116860605184388,1.0,1.0,1.0,1.0,1.0,-1.0,0.1000757165556349,-0.6935890910160174,1.0,-1.0,-1.0,0.196654453024505,-1.0,1.0,-0.6405774467464884,1.0,1.0,-0.0624651950032111,0.1103151472164527,0.2117222187099021,1.0,-0.4611937821827955,-0.3589274156700053,0.2192293989007536,0.7280924835220082,-0.3710919854750552,-1.0,-1.0,0.1171970199651402,1.0,-0.517596203539429,-1.0,1.0,-1.0,1.0,-0.0425863550452958,-1.0,-0.2185034427534661,1.0,-1.0,-1.0,1.0,0.1203955181172251,-1.0,0.0987870555913095,-1.0,1.0,-1.0,1.0,-1.0,-0.0954788559295458,-0.706559082709698,-1.0,1.0,-0.3296987004775148,1.0,-1.0,1.0,-1.0,-1.0,1.0,1.0,-0.0430106595789276,-0.3375644675701113,1.0,-1.0,-0.0179928585644076,-1.0,0.0278002718773944,-1.0,1.0,0.3420380978259798,0.4385610240547799,0.4761021139590191,-1.0,-0.5709399613651864,-0.8255546578628971,-1.0,-0.5129300259110623,1.0,-1.0,-1.0,1.0,1.0,1.0,-1.0,-1.0,-1.0,-1.0,-0.1754385341958334,0.123395376037779,1.0,-1.0,0.5605422980364874,-1.0,-1.0,1.0,0.4999118091475169,1.0,-0.268436657754684,1.0,-0.8354194165092041,-1.0,0.4919682555139033,-0.7316090303555938,0.8960417308308127,-1.0,-1.0,-1.0,-1.0,0.0835357504982916,-1.0,-0.2994506969574444,-0.2352062518996949,1.0,1.0,1.0,0.8513423991486442,0.1905616510633145,-1.0,-0.6325994015632304,1.0,1.0,-1.0,1.0,0.8057127987716384,-0.9744226547171776,1.0,1.0,1.0,0.0508435310834634,1.0,1.0,0.8090219769279636,1.0,-1.0,-1.0,-1.0,-1.0,0.2465697024947529,0.4721887902282758,-1.0,-0.7419442343343132,0.5228269519168817,0.8199561898870924,0.5031454368509947,1.0,-1.0,1.0,0.0030017859795457,1.0,-0.9038754431862976,-1.0,1.0,-1.0,1.0,-0.5879141369307488,1.0,1.0,1.0,-0.3094274950581738,-0.0698953915338528,-1.0,-1.0,-1.0,1.0,-0.2536039712092786,-0.059388026775313,1.0,6.0
0.292308360528299,1.0,-0.5956748159803363,-0.5753410341603056,-1.0,-1.0,-0.810962894902453,0.924147379747282,0.9711000319445544,0.990507728473378,0.9859927278769154,-1.0,1.0,-0.9996559478282256,0.7529460663056864,-1.0,1.0,-0.9800037082391556,0.9319294157594304,-1.0,0.7756477567506692,-1.0,-1.0,1.0,-0.9429266145590548,0.77859730826169,0.1262319925690382,-1.0,1.0,0.9355507163879372,-1.0,-1.0,-0.1998186234346895,-0.6406070657243376,-1.0,-0.8189664957540239,1.0,0.9902952070093494,1.0,-1.0,1.0,-1.0,0.9826811467461962,1.0,1.0,1.0,-1.0,0.6634443495057512,0.9975205125751324,1.0,0.4061826386512331,1.0,-1.0,0.9848431012319646,0.9669070556047428,1.0,0.8333164783645667,0.3713109384620591,-1.0,-1.0,-0.9954433627052708,-0.9963945061996108,1.0,1.0,-0.3505959303610831,-0.967932600864264,-0.9404770983981704,1.0,-0.958785288884131,-1.0,1.0,-1.0,0.8421186447401974,-1.0,0.3895864380105245,0.9936087589905443,0.8905450314911572,-0.7646258529593185,0.9380917647978624,-1.0,-0.9842329603648629,-0.9971208576638586,0.4644045310801744,1.0,-1.0,-1.0,1.0,-0.99804667196524,1.0,1.0,-0.9247528175704736,0.6415191736396266,0.7172856796424264,1.0,-0.7760555973497829,1.0,0.4909560060203537,0.7490855213174127,0.9423239854293411,-1.0,1.0,0.9287002469386184,0.77328686193818,-0.6945573296098476,-1.0,1.0,-0.5599535454230142,0.6123294737195745,1.0,-1.0,-1.0,1.0,1.0,-0.9986633363893008,-1.0,0.6207268180120882,-0.9747098845636046,-1.0,-1.0,-0.5338381839856616,1.0,0.7563384364316218,-1.0,-0.7847832967490631,0.2662509778146849,-0.9819089100586116,1.0,-0.9926664411550497,-1.0,-0.95532043385698,-1.0,-1.0,-0.9539802033125204,1.0,-1.0,0.2817193683961109,-0.6889944037000792,-1.0,-0.6317643842725499,1.0,-0.971247176085546,1.0,0.990895356215698,0.9918481897212272,0.8782482307479802,-0.9950555756172724,-1.0,-0.9908873314441888,0.994582408606216,-0.1271257398440716,0.96343830247362,-0.917586782478512,0.9912037008134754,-0.9680318927303756,-1.0,0.9836987991501164,0.983424782709685,-1.0,0.6437357271864557,-1.0,1.0,-1.0,-1.0,1.0,-1.0,1.0,-0.9988478957132192,-0.8570215492651972,1.0,-1.0,-0.997656198215446,-1.0,1.0,-1.0,1.0,-1.0,1.0,-1.0,0.7284300762496594,-1.0,0.9809872530951362,0.9619985410250088,0.3051552949083606,-1.0,0.815687954048671,0.9941594111989952,0.9372378542655092,-1.0,-1.0,-0.8768783007585274,-0.6622313922223797,0.9985097610447332,0.7027991497314715,0.9908492062375508,-0.6119947353157927,1.0,-0.8443081910699215,1.0,-0.996574778491248,1.0,-1.0,0.9131937841126856,0.856053130197416,-1.0,0.7210353251832338,-1.0,-0.8984924586176838,-0.995769246381128,-1.0,-1.0,0.9960295608456105,-0.2318506891384098,1.0,1.0,0.99752744525812,0.9625004542946588,1.0,-0.8919429188600339,1.0,0.986082084011637,1.0,-0.9886224203797556,0.9970395530139904,0.9473338351245724,1.0,-0.9954805255301886,0.2789987007578169,-1.0,0.8113576937136154,0.6066396923054161,-1.0,-0.5898049067009893,1.0,0.8977170136982232,-0.9740211648901796,1.0,-0.9752430062725376,-0.9435211607961702,-0.975964188687374,-0.8199933012111562,-0.651175189027758,0.948204379619378,-0.0332244381269883,0.9864682191483708,-1.0,1.0,0.99948213117122,-0.8935418842308243,0.9919055271255752,-0.9331932257258428,0.1274721707709978,0.9520511306922396,0.9075458859297332,-0.9978378571745532,0.9811484782937864,-1.0,0.1204512705598424,0.9519404746205204,-0.7871608662966839,-0.7653477853961141,-0.6042537982792477,-0.9482195141703708,-0.9973387653959572,-0.9984136182118978,1.0,6.0
-1.0,-1.0,1.0,1.0,0.9915883866007568,1.0,1.0,1.0,0.9860611256100832,0.999790452567998,0.3365942958616675,-1.0,-1.0,1.0,-1.0,-0.0050747543904519,-1.0,1.0,1.0,1.0,-1.0,-1.0,-1.0,-0.9841568730170508,1.0,-1.0,-0.9717206449060192,-0.8369272553929805,-0.9947172944046788,1.0,1.0,-0.9971944214404256,-0.4811628174161062,0.9751548611262348,1.0,-0.9963481946896848,-0.753495430762,0.9865816796200796,-0.9854393511975712,1.0,1.0,0.8772928041124326,1.0,-0.9611921559322136,-1.0,-1.0,0.9516758947490896,0.0226428421420808,1.0,-1.0,1.0,0.9891480014656694,-0.994939503095272,1.0,1.0,1.0,-0.9955582778600084,-1.0,-1.0,1.0,-0.98991733190358,1.0,1.0,-1.0,-1.0,0.9314123234845714,1.0,0.9845345920845986,-1.0,0.8974181439684351,-1.0,-0.9925464835952788,-1.0,-1.0,-0.3651681677401065,0.9989515360440836,1.0,-1.0,1.0,1.0,1.0,0.9899572854383034,-1.0,0.5018236297862433,0.9826539671043903,1.0,-0.991928604994564,-1.0,-1.0,-1.0,-0.9135635643915524,1.0,-1.0,0.9365844476948074,-0.994049724805357,-0.9285034624004996,0.494088673059516,-1.0,-1.0,0.939754558382927,-1.0,0.99658294820812,1.0,-0.902780714763827,-0.5766936431530703,1.0,-1.0,1.0,-1.0,1.0,1.0,0.9853612785203072,-1.0,-0.8953759644395762,-1.0,0.98701338843628,-1.0,0.9322117171375638,0.8970557464704142,0.9881900326544966,1.0,1.0,-1.0,0.9440060489736886,0.9788479488151994,-1.0,-1.0,1.0,-0.9625259972727648,-1.0,-0.6509665799224638,1.0,1.0,-1.0,-1.0,-1.0,-0.9902982058343236,1.0,1.0,1.0,1.0,1.0,0.9981103730794948,-1.0,1.0,-1.0,-0.9737694038524268,-1.0,1.0,1.0,-0.9519221826641316,0.8413070249044466,0.9773846282242222,0.3981482270727113,1.0,-1.0,-0.9680458601395148,-0.9187769383189338,0.6367256427451182,1.0,-1.0,1.0,-1.0,1.0,-1.0,-0.0810146583167654,-0.7923028178878782,0.7256702987047411,0.1052632191722935,-1.0,1.0,-1.0,1.0,1.0,0.996555539433387,-1.0,-0.9963605599666078,1.0,-1.0,1.0,-1.0,1.0,1.0,0.8891817091158065,-0.6029526972102793,1.0,1.0,1.0,0.8303144745720776,-1.0,-0.9845198464959234,-0.9850718497630924,-1.0,1.0,0.1658594897409725,-1.0,-0.9845556165921844,-1.0,1.0,-0.0081713062135315,-1.0,-0.7953591727319167,0.8940428181697857,-0.9644216477222834,-1.0,-1.0,-1.0,1.0,1.0,1.0,0.6895220652629972,1.0,1.0,-0.3780969519091751,-1.0,0.572132981048904,0.9999739902801704,1.0,0.9953759836247376,-0.8910580714287083,-1.0,1.0,0.5832478280537972,1.0,-1.0,-1.0,1.0,1.0,-0.7026566555060205,-1.0,-1.0,1.0,1.0,1.0,1.0,0.2516102520122871,1.0,-1.0,-1.0,-1.0,0.9628952838917528,1.0,-0.8809462716969334,0.5701069661018089,1.0,-1.0,-1.0,0.974339263066541,1.0,0.42179819199644,1.0,-1.0,1.0,1.0,1.0,-1.0,-1.0,-1.0,1.0,1.0,0.6973288381164507,-0.9995071666658284,-0.1883414593919234,-1.0,1.0,6.0
-0.989598977635908,0.9923569343158238,-0.8891939347881528,-0.9648918762282428,0.9218610589010604,-0.0531223202031644,-0.9905640346385178,1.0,-0.7086119142812796,-0.6557710318818684,-0.9763284389506856,1.0,1.0,0.9753555730471454,-0.9896368250137676,0.9941445135117136,-0.9963961139319298,0.9568850068175064,-0.9940460696033808,0.992162504235023,1.0,0.8718076268966619,-0.9070540217586484,1.0,-1.0,1.0,-0.9941752540751692,-0.9733474697083856,-0.4578867715903446,-0.9252855071839812,1.0,-0.7252832380109093,0.7954075952977455,-0.9730794656701396,1.0,1.0,-0.8920977833694642,-0.9818605581898788,-0.9943414165411696,-1.0,0.986346183087727,0.9502481491843918,-0.887546423175124,1.0,0.6964973921334872,0.9944652553220276,0.9765054223665576,0.960876307562696,0.943230044567802,1.0,1.0,-0.760701403738664,0.9917375153597526,-0.997182373207522,-0.9964071037979128,-1.0,0.9613071099666411,-0.9964432494494616,0.9820307495860916,0.9864808904352944,1.0,1.0,0.995867117793748,0.7707182654730859,1.0,0.9868183826413284,1.0,1.0,-0.6795175813934171,-0.9952743920111812,-0.8850414549529445,1.0,-0.550341146841818,1.0,-0.982436634098589,1.0,-1.0,-0.8433684245304146,0.8624647381036239,0.9974104975835678,1.0,-1.0,1.0,1.0,-0.8124317424899014,-0.940123950416054,-0.7957814798349482,-1.0,-1.0,0.4901066595423148,0.948971207636846,0.0749225112393651,0.9807016643400396,0.874830134345346,-1.0,0.982974838118398,-0.9460931662081769,0.8851533684045002,0.994126239817108,-1.0,0.8463634509164734,0.9864394137304252,0.7548089770290417,-0.8865483151608626,1.0,1.0,-0.979735009145938,-0.9984317132382284,-1.0,0.6515312063854071,-0.6473354020144562,-0.8969169449626172,-0.9926992686969764,1.0,-0.9879029425398312,-0.9876209358148608,-0.9975249560232504,1.0,-0.923489033491756,1.0,0.9928549051224956,-1.0,-1.0,-0.9971836674324976,0.9943327019504812,-0.9790710778193432,1.0,-0.5172295738260563,0.9971651858327087,0.0899165949745186,-1.0,-1.0,1.0,0.9683334931423988,-1.0,-1.0,-1.0,0.7667707998709087,-0.9683600065730308,-0.9108536668931267,1.0,1.0,-1.0,-0.9736475035975716,-0.9578522845479572,0.9848133626999508,0.9960867969234908,-0.8881460875452469,0.7673142335587824,1.0,-1.0,-0.9613624005755228,-0.9995834345596396,0.8502263895676199,1.0,-0.8529283645939643,0.9598527566020304,0.9976045803830116,-0.9686335956756352,-0.9992100493630216,0.9829028282076904,0.9896113686953236,0.9828265795728286,-0.1021909291298209,-0.979341579301009,1.0,0.9489272156537326,-0.9700894030275518,-0.8532925151078324,0.9917593326112716,-0.8981823865948306,-0.9237676686820138,-0.918079490827492,-0.9867386610827292,1.0,-0.988530594756984,-0.9979317991436918,0.4628793234617195,-1.0,-0.9948855654122026,1.0,-0.7669050775944632,-1.0,1.0,0.9815269521283928,-0.9950355942378388,0.9918731420590148,1.0,1.0,1.0,1.0,-1.0,-1.0,0.9891509392688078,1.0,1.0,-1.0,-0.992694000101182,0.9857014056035626,0.3289753028527354,-1.0,-0.9309546287369592,-0.1555075775042151,0.7506124568297754,-0.9584145509763494,-1.0,1.0,-0.9969934850169327,1.0,1.0,0.8664247682220838,-0.9977922606353176,-0.99397118178456,0.9167463902291072,1.0,-1.0,0.0519406537325471,-0.9906204172093592,-0.9947867518858868,-1.0,0.8030628620760816,-0.9799426854918196,-0.9609965553082728,-1.0,0.8845678179189111,-1.0,-0.9846373713853952,-0.7134204972454886,0.7120725504423815,-0.9923015812482896,-0.9951864435041852,0.9995268545972597,-0.9891533960278917,0.996609103883592,-0.0192394039457045,-0.8624167233602286,0.1903242810573884,0.9856712863549244,-1.0,1.0,0.4243389249024215,-0.4565969465916059,-0.9843639550291,-0.9726846706080794,-0.9139572079059952,-1.0,0.9246028288772634,-0.9628792064904608,-0.9881786688492152,-1.0,-0.5667057411638177,1.0,-0.994971685838782,-1.0,-0.7094133662008428,-0.9156713956231772,-1.0,0.9525493567353948,0.9400598861311468,-0.9833362919806844,-0.974612476779162,0.9274765978490052,0.9859020953630748,0.9967912779289706,1.0,6.0
0.9813240614786222,-0.9636318486826684,1.0,1.0,-1.0,1.0,1.0,1.0,1.0,-0.9974262811862769,1.0,-0.6293430033924937,0.990085572627756,0.9925313724855376,0.9857169580495928,0.9982938125842772,-1.0,-0.4579012073325905,0.9084084749219375,-1.0,-1.0,1.0,1.0,-1.0,1.0,0.6877235878775334,-0.9918970188313752,0.3145627239498504,-0.9131302115871304,-1.0,0.3341809105590283,-0.9720889577443734,1.0,0.9962876511994524,0.9979409948636092,-0.9984094426433284,-0.9783235883323704,0.9954025521526236,-0.6577503484326315,1.0,1.0,1.0,-1.0,-1.0,1.0,1.0,-0.9919979365191384,1.0,0.9828485663558956,0.9774201046798576,-1.0,-1.0,-1.0,0.9758441531223896,-0.6250622669557312,-0.998400127981698,-0.9673412788547238,1.0,-0.9627441645536772,-1.0,-1.0,1.0,0.9791575340792256,-0.9954944449359636,1.0,-1.0,-0.5390575355101078,1.0,0.9992615403047896,1.0,1.0,1.0,1.0,-0.9808956461067844,0.9921720204871324,-0.9751519148354926,0.9935202418142188,1.0,-0.9793219687082232,1.0,-0.9978335748176088,-1.0,0.994126732018527,0.9326421817978028,-1.0,-0.9730083281403418,-0.1459325594085844,1.0,-1.0,-1.0,1.0,-0.0019969198828103,1.0,0.7789906260700037,1.0,-1.0,-1.0,-0.99887261706441,1.0,1.0,0.0818159149039627,0.9804269532436596,-1.0,1.0,-0.9920805997941786,1.0,0.5100724462997082,1.0,-1.0,-1.0,1.0,0.9918261663010564,0.9910154908559388,1.0,-0.9330177436064266,0.2737714450491884,-1.0,-0.805487668132541,1.0,-1.0,-1.0,-1.0,1.0,-0.9742880230962828,1.0,0.9251164427923666,-1.0,-0.9715441347146406,1.0,1.0,-0.5822788863999241,1.0,-1.0,1.0,0.9981018766740768,1.0,-0.95890778033398,1.0,0.9842009202457068,0.987090679862012,0.986346847319558,-1.0,-1.0,-0.9920960319897244,-1.0,1.0,1.0,-1.0,0.9885762855889704,0.9818221175583433,1.0,-1.0,0.9825375557631876,1.0,1.0,-0.9893437720829074,1.0,0.593147943614109,1.0,0.9676848611632604,1.0,-0.9735107896333908,1.0,1.0,0.9805502574437516,0.9777867902994594,-0.1775209376424023,-0.95013112449408,-0.979802246579998,1.0,-0.9921172322018608,1.0,-1.0,1.0,1.0,-0.9921428980475788,0.0731804370042819,-1.0,1.0,0.9872966407534836,1.0,-1.0,1.0,-0.6609346498604978,-0.9913918152427016,1.0,0.7587396067251637,-0.9975412671449352,-1.0,0.6784917245144458,0.334834156023354,-1.0,1.0,0.664007006510354,-1.0,1.0,0.8267328886269883,0.9669659054670108,-1.0,-0.9728209110156092,-0.9648646933281914,0.8366416290598302,0.9890187343025056,-1.0,1.0,-0.2825415297067472,0.9709830631675632,0.2277989112268699,-1.0,-0.5369282413950709,0.9975678835949446,0.9890296718027454,1.0,0.8663492508361598,-0.9910764192309408,0.9860624221107168,0.5694405928041124,0.9587871136175572,0.6504710068206183,1.0,-0.992368197273541,1.0,-0.9889783654193868,0.8852170858820644,-0.997380494534638,-1.0,-1.0,1.0,-0.9689369864986136,-0.9988970892485722,-0.9969302987042012,0.5702208420820813,-1.0,-1.0,-0.994550681701278,-1.0,-0.4795742457716536,-1.0,-1.0,1.0,0.9953773608975284,1.0,0.9787344736007156,0.9909972394232686,0.861254232674696,0.9965971070423062,1.0,-0.997379099489884,-0.9909200956227664,0.99705075384449,1.0,-1.0,-0.0420995745079324,-0.9903188981497292,-1.0,-0.9200416379422832,1.0,0.9885223094023748,0.9823707115956573,1.0,-0.9833978547960642,-1.0,1.0,1.0,-0.9823641383919955,6.0
0.1303405448902554,-0.544941000868788,0.7442063552057114,0.0509187111718452,-0.4288724942061463,0.804583779218909,-0.4398116908589271,-0.3713466111075105,-0.2635130327646036,-0.5931003866211497,-0.9718627625201436,-0.2597322878937949,-0.2458629692723803,0.3177763344254103,0.3023774596993098,0.6886414936122522,-0.2979291147892933,0.0347984992655261,0.5935094400439627,-0.6354321186086482,0.5206324305406731,0.3780505508485097,0.2465325332968069,-0.1343755932579422,-0.3361055590153095,-0.9594034309146732,0.4192967427683296,-0.0453307255840587,-0.7717218872642966,-0.7357665195700076,-0.3279366827226142,-0.5033820050370488,-0.5026749860532504,-0.2892793040304167,-0.1037029609059243,-0.8539221868413265,-0.2698963942727337,-0.3837380414631652,-0.8050683132542755,0.3714498986627523,-0.2681167405991362,0.2831076186672503,-0.3406803329229178,0.623182329630541,-0.2335019860490619,0.8862965361376023,-0.1678391810475052,-0.2807601237199146,0.5012376808686847,-0.7446556411893803,0.301190320535347,0.041079318435125,0.4526774596026168,-0.7569770374439377,0.4342480582433203,0.3304107402933212,-0.4159213878871246,0.9836551231477222,-0.813760983202459,0.5599435513465578,0.4280436179302787,-0.6922394866441228,-0.2445186023362813,-0.974516012628624,-0.1787411437553046,-0.2827467598147104,0.1882257060953849,0.4761371322613565,-0.95112987821349,0.7998989292423018,0.9694242186510124,0.0669441612291132,0.3162519669313199,0.6237739505938598,0.7991653658419193,-0.1449734130728679,-0.6977998783702786,-0.7126184708228573,0.218587863566287,-0.6785009384867657,0.7828254311436138,-0.7770499609092869,-0.6388690934586456,-0.9037222651363308,-0.0666316602002419,-0.0161736284611948,-0.7299338742909178,-0.3152980531827309,0.1772400848846851,0.9527388878898078,0.346425025267586,0.0702641981331095,-0.2991495786207749,-0.716069324310221,-0.2103884563580553,-0.0868283814811436,-0.3855128077616154,-0.3624208453475259,0.6917736115250104,0.5478041804474307,-0.9775915063102664,-0.654305764189786,-0.6252488815819222,0.5356185649278014,0.2211688744919011,-0.9010309415787026,-0.7742244375249137,0.7078964023230836,0.7914395732884916,-0.6947832497525048,-0.61727603948701,0.7097675504695791,-0.1870245320154284,0.5399659660579479,0.1874752902056009,0.4084808370710775,0.9757185327872736,0.1606871205245881,-0.2480715581197814,0.7258517611987332,0.5513651084042217,0.5632930203241422,0.8126619599525253,-0.5828302554125855,-0.9106106764386817,0.1721746478659604,-0.5451195221676164,0.9690845861705816,-0.8576474871110189,-0.0511834563233284,-0.0216349751264552,0.6341412877947419,-0.987032085402934,-0.7247264585714195,-0.4589687087513419,-0.7602997739059194,0.2192355889886739,-0.304815469011938,0.3594478083585368,-0.0469760364239093,-0.7137101751696189,0.414799960564757,0.8404407614294167,-0.7830160348760167,-0.7998707580141529,0.6466825039981223,0.7695240701025607,-0.1455491694803035,-0.3016328279889493,0.1403935009592309,0.4506467541070718,0.0096966802869982,-0.3728212511466702,0.738720601082621,0.523186837895905,0.0458762519111601,0.8241840002602481,-0.98153238540453,-0.6761183330376597,-0.910073644795361,-0.7968196575526072,-0.5723877395109365,-0.4507283124201169,-0.950603927179032,0.4685844528520089,-0.7666943707170184,-0.8054120118852999,0.5857841381177964,0.3399591746596648,-0.2302259774744703,-0.6035527321676728,-0.7168818251365234,-0.4339725524685358,-0.1628424660744716,-0.9421396426496425,0.5390088910774331,0.8897018751941079,0.3566970093217234,-0.8294932252815563,0.95254277749041,0.5586213085455387,0.5722684221071774,-0.9191127103280444,-0.1658191471818517,-0.9078856476449986,-0.3115502643658168,-0.2748432438754149,-0.2241544565110325,0.3756751417127166,0.9010980274284036,-0.7956936360276425,-0.874435167589998,0.2239987279767132,-0.8017630135484373,0.4294482305885581,-0.6612541397405272,-0.5955249344245075,0.5088929660947776,-0.7558856263839917,0.5647914049173803,-0.0507006017326818,0.0160089161119185,-0.3290519629729376,-0.8785418724428042,0.9150764954746916,0.4530396307084869,-0.2074910003340171,0.8964683405330744,0.2322107379006361,-0.231640542600257,0.6864443616858822,0.9139445522028868,0.4070019039141272,0.4073193737594796,-0.991600897694158,0.2793957536658431,0.1927695615126801,0.103607083359664,-0.5312601021025853,0.8056944136720368,-0.5836013856583491,-0.5658528285036042,-0.8133194691274817,-0.9432177037783775,0.8006723072704074,0.9604159061022453,-0.0940135443245584,0.2572495636325871,0.1931303058058111,0.817764193077245,-0.1585589964524616,0.0890067233981102,0.6732822159116243,-0.3034745725236727,-0.5802783074738531,-0.0616972804237774,0.9933049383852705,-0.5956141196583371,0.3854129498379846,0.302749826803931,-0.4532204813314224,0.9905229330063288,-0.9306015854735632,-0.5791735186465969,-0.8300227676144678,0.4216762007485191,-0.5362474869965475,-0.3602282936079897,0.7382123085647678,-0.001453450343505,-0.9851088174398022,-0.3122411833494389,0.6593157920153223,0.2581425856671815,0.9400303749913392,0.974681861946308,0.4962500767041986,0.4361533211596724,0.8641328470195413,-0.4486301009920861,-0.0818611311424222,-0.4316259954957961,0.082888216770216,-0.9274167653941996,-0.4715463430041475,6.0
