0,1,2,3,4,5,6,7,8,9,10,11,12,13,14,15,16,17,18,19,20,21,22,23,24,25,26,27,28,29,30,31,32,33,34,35,36,37,38,39,40,41,42,43,44,45,46,47,48,49,50,51,52,53,54,55,56,57,58,59,60,61,62,63,64,65,66,67,68,69,70,71,72,73,74,75,76,77,78,79,80,81,82,83,84,85,86,87,88,89,90,91,92,93,94,95,96,97,98,99,100,101,102,103,104,105,106,107,108,109,110,111,112,113,114,115,116,117,118,119,120,121,122,123,124,125,126,127,128,129,130,131,132,133,134,135,136,137,138,139,140,141,142,143,144,145,146,147,148,149,150,151,152,153,154,155,156,157,158,159,160,161,162,163,164,165,166,167,168,169,170,171,172,173,174,175,176,177,178,179,180,181,182,183,184,185,186,187,188,189,190,191,192,193,194,195,196,197,198,199,200,201,202,203,204,205,206,207,208,209,210,211,212,213,214,215,216,217,218,219,220,221,222,223,224,225,226,227,228,229,230,231,232,233,234,235,236,237,238,239,240,241,242,243,244,245,246,247,248,249,250,251,252,253,254,255,256,257,258,259,260,261,262,263,264,Enemy
1.0,-1.0,-1.0,0.7693209150365725,1.0,-0.7686734487511229,1.0,-1.0,-1.0,1.0,0.2706188344720557,0.45197938885982286,-1.0,0.247912662163581,-1.0,0.991660056020293,-1.0,-1.0,1.0,-1.0,-1.0,-0.8680884564574449,-0.47772147938991405,1.0,-1.0,-1.0,0.8556088503026741,0.3565084805351528,-1.0,1.0,1.0,-0.9631149542366764,-1.0,-1.0,-1.0,1.0,-1.0,1.0,1.0,-0.2860926098099995,1.0,1.0,-0.9678875861372932,-1.0,1.0,-1.0,-0.8281727850706682,-1.0,-1.0,-0.8588229097327086,-1.0,1.0,-1.0,-1.0,-1.0,1.0,0.42617944988419953,1.0,-1.0,-0.5701771303276847,-0.9703856752246537,-1.0,1.0,-1.0,-1.0,1.0,1.0,-1.0,-1.0,-1.0,0.481716294440991,1.0,-1.0,-0.8841615755763157,1.0,-1.0,-1.0,-1.0,1.0,1.0,-1.0,-0.6054089684126867,-0.7925298548458826,1.0,-1.0,1.0,1.0,-0.9891449080040345,0.15751711889420533,-1.0,-0.1817017631265282,-1.0,-0.7431646063970552,-0.9956252123984066,-1.0,-1.0,1.0,-1.0,0.8843252963162697,1.0,0.7656926737975729,-1.0,-1.0,1.0,-0.6588014797790298,0.35214545706438805,-0.5588915001431829,-1.0,-1.0,-1.0,-0.1331072462439895,-1.0,-1.0,-1.0,0.1353589036493903,1.0,1.0,-0.998939940239264,1.0,-1.0,1.0,1.0,1.0,0.8423787699311649,-0.8009789558723375,-0.9452930428534522,-1.0,1.0,-0.7914336043092858,0.5186081777848481,-0.8442759011323766,-1.0,1.0,0.8490372027249474,0.34126483954359804,1.0,-0.8604113975752093,-0.9394431549169668,1.0,-1.0,-1.0,-0.383886327169709,1.0,-1.0,-1.0,1.0,-1.0,1.0,1.0,-1.0,1.0,0.1018744344188158,-1.0,0.43811630580076977,1.0,-1.0,-1.0,-0.4704001564239283,-1.0,-0.41380043887140083,-1.0,-0.8274712845655408,-0.23457639006721054,-0.9934586618262783,-1.0,-1.0,1.0,-1.0,-1.0,-0.8835913920116956,-1.0,0.8721400078993544,-0.02321378054834039,-0.854209073548019,1.0,1.0,-1.0,-0.5671829421627677,0.7099350250969955,1.0,0.9993679891774567,-0.32401278492827307,-1.0,0.9814196503525539,1.0,0.8774860520602344,1.0,1.0,-1.0,-0.2767961105387673,-1.0,-1.0,-1.0,1.0,0.03541707442751767,-0.2364848499073915,-1.0,-1.0,0.9549383104318656,-0.031207223127151122,1.0,-1.0,1.0,-1.0,-1.0,-1.0,-1.0,-1.0,-1.0,-1.0,-1.0,1.0,0.9987718140126252,1.0,-0.26818086939678865,-0.9362363865883593,1.0,1.0,1.0,1.0,1.0,-1.0,1.0,1.0,0.7971186616394763,-0.18968025839336877,1.0,0.990666561678538,1.0,0.9887994273128234,1.0,-1.0,-1.0,1.0,-1.0,1.0,1.0,1.0,-1.0,1.0,1.0,-1.0,0.2741668540054593,1.0,-1.0,1.0,0.14574054178532034,1.0,-1.0,1.0,1.0,0.030952835315481986,-1.0,0.31356281057635504,0.15724180969715112,1.0,0.6018274863564702,-0.6759800255957962,0.9998903833259731,0.0324554810391664,0.19349174139046643,-0.3349721307423885,-1.0,-1.0,0.8578725728110155,3.0
-1.0,-0.9665307127890551,0.4487783466073006,-0.9919639284591952,-0.7875344997407917,1.0,-0.9243779415199984,0.47297256928997106,0.9877827856632412,-0.9628064730914758,1.0,1.0,0.99027170261808,-1.0,1.0,0.974999710589037,1.0,-0.9802353493076527,-1.0,-1.0,-1.0,-1.0,0.9877599606529404,0.8644746678494026,1.0,1.0,-0.734660728595074,-1.0,-1.0,-0.6460419369429816,-0.8670208494998259,0.7414445742251681,0.5499657571879102,-1.0,1.0,-0.8382798214452749,-0.9506616006264829,-1.0,1.0,1.0,0.9891806238641315,-1.0,0.9875738061169756,1.0,0.9939219367785934,-0.9152820818542473,0.9869505687683552,1.0,-1.0,-1.0,0.8093833664355494,-1.0,1.0,0.8316430466559772,-0.28936287378096354,1.0,-0.2749242715977382,-1.0,0.982245665583962,-1.0,-1.0,1.0,-0.35086744511539514,-1.0,0.9926757888297926,1.0,-1.0,-1.0,-0.4629577676374348,1.0,0.9944358941226261,1.0,0.5129195896056229,0.5152408919151377,1.0,-1.0,-1.0,-0.40085155439222653,0.9950905647096033,-0.9909267742494923,-0.30330411702104154,0.6415700475741576,0.9349381398374852,-1.0,-0.27445858827035824,1.0,0.4998658891066711,-0.9854472267574541,-1.0,0.9681077408471491,0.9986922975058603,1.0,1.0,0.9925474800785585,1.0,0.6204794761447142,-0.9997891144126664,0.9839941193161105,1.0,-0.5839737970344112,-0.8679502026932453,-1.0,1.0,1.0,-0.9779852514721413,-0.9869971256976995,-1.0,0.9805522513793007,-1.0,1.0,1.0,-0.13944404065350402,-0.8602553706434369,1.0,1.0,1.0,1.0,-0.9943625120443456,-1.0,-1.0,-1.0,-0.5824021471978842,1.0,0.9969339924825439,0.9970999080233724,0.6349175416369781,1.0,-1.0,1.0,0.8693413767615965,0.9888273912113781,-0.9846262537995841,-0.98985492440187,-0.20448402826280354,-1.0,1.0,1.0,-1.0,-1.0,0.7961332141777367,-1.0,0.03295909127697619,-0.38353182664795216,1.0,-1.0,-1.0,0.18006984366494885,-0.879337933420884,-0.8104119910356024,-0.4688088652419723,0.16009104907754468,-0.9769903401421135,-0.6621073683477476,-1.0,-0.3695983849754595,-1.0,0.9830990553487308,1.0,0.9493516019778198,0.6260839618362157,-0.41340848602133395,-1.0,1.0,-1.0,1.0,1.0,0.9990704207603274,-1.0,-0.6284541096205529,-1.0,1.0,0.9872895855537742,-0.9938948373090958,1.0,-0.9955638165792672,-1.0,1.0,-0.9889242443800381,-1.0,1.0,0.3811314537958257,-0.6195913664292495,1.0,1.0,0.9082429049289253,0.7471606170410616,1.0,-1.0,0.996688342510564,-1.0,0.993786051561478,0.9889411805490742,1.0,-0.9822908380084692,0.9964896532205334,-0.997460905009928,-1.0,0.9895751376978166,1.0,0.7325455001400285,-0.9647809753184905,-0.9913035714196367,-1.0,-1.0,-0.9925311176907451,0.4886167497883933,1.0,-1.0,1.0,-1.0,-1.0,-1.0,0.9824643212634173,0.8711189717902412,-0.5911809180897822,-1.0,-0.969543522721607,1.0,1.0,-1.0,0.9830118056177276,1.0,-1.0,1.0,-1.0,-0.259536595887151,1.0,-1.0,-1.0,1.0,-1.0,-0.4303764254746718,1.0,1.0,-1.0,1.0,0.7104463106629386,0.9981024091823784,1.0,1.0,-1.0,-1.0,0.9777487326465377,-1.0,1.0,0.993784759975996,0.999654076876455,1.0,-1.0,1.0,-1.0,1.0,1.0,1.0,1.0,1.0,-0.9836373648371066,-0.854849314711414,1.0,0.8471059966798943,0.9903304272764683,0.9986278706317294,1.0,1.0,1.0,3.0,6.0,8.0
1.0,1.0,1.0,-0.04112971684148603,1.0,0.07711045063767197,-0.2394872845832351,-0.8241824513984306,1.0,1.0,-1.0,0.03161883643136587,0.05891241855752283,-1.0,-1.0,0.6397055675007783,1.0,-1.0,1.0,1.0,1.0,-1.0,1.0,-1.0,0.2774316300356938,1.0,1.0,0.38733902350129945,0.5101242053539361,0.3805538434438417,-0.3196155636552953,0.23643194988219296,1.0,0.9096404132309497,-0.6698012574134178,-1.0,1.0,1.0,-0.9611345022671347,-1.0,0.46824664723950415,0.6052085370744349,-1.0,0.9192228028630824,1.0,0.7480867206921464,0.8100741990228517,1.0,-1.0,-1.0,1.0,-1.0,-1.0,1.0,1.0,1.0,0.0008198598473971863,0.23982307371374012,-1.0,-1.0,-1.0,-0.8098412998723006,0.9536480888895835,-1.0,-1.0,-1.0,0.3867095691664535,0.3708496433417756,-1.0,-1.0,0.9049059161347877,0.8157038046327347,0.9906994073652885,-1.0,-0.02981352684211516,1.0,-0.10333278986616135,1.0,1.0,0.7622903844243553,-1.0,-1.0,-1.0,1.0,-1.0,0.2152836977408627,-1.0,-1.0,-1.0,-1.0,-0.41636742543344996,1.0,1.0,-1.0,-1.0,0.33984334813334094,-0.2751837715160129,1.0,1.0,1.0,-0.6372070707513006,-0.5343501432258229,-0.7452163521420277,0.012685735906198703,-0.6881473689303381,1.0,1.0,-1.0,1.0,-1.0,1.0,-1.0,-0.9513857649621404,-1.0,-1.0,-1.0,1.0,-1.0,1.0,1.0,-1.0,-0.6708812524944195,-1.0,1.0,1.0,-0.6070080281789083,1.0,-1.0,0.37394352413237586,-1.0,-1.0,-1.0,1.0,-1.0,-0.8461684961151613,-0.08743274764005227,-1.0,1.0,-1.0,-0.4368184614433106,0.8440915785847598,-1.0,1.0,-0.9949703957597071,-0.9587398332605821,1.0,0.4123526294271237,-1.0,-1.0,1.0,0.9310811384948265,-1.0,-1.0,1.0,0.7925296871516913,-1.0,-1.0,1.0,-1.0,1.0,1.0,-1.0,-1.0,-1.0,1.0,-1.0,0.8017060375681466,-0.49723361595810567,-1.0,1.0,1.0,-1.0,-1.0,-1.0,-1.0,-1.0,0.06099431485551754,-1.0,-0.2515809882158744,-1.0,-0.8784086558694315,-0.7801712172845034,1.0,1.0,0.8954635155656638,1.0,0.7357848463869676,-1.0,-1.0,-0.953939685332438,-1.0,-1.0,-1.0,1.0,-0.547959781769999,-1.0,-1.0,1.0,-1.0,1.0,1.0,-1.0,-0.6764939525485805,-1.0,0.8950627467746203,0.9653175482347945,-1.0,0.12770298836688299,-1.0,-1.0,0.8478925526270481,0.466854091905386,1.0,1.0,-0.33776396264718833,-1.0,-1.0,0.39485301676528306,-1.0,1.0,0.6814002740303442,0.0010660681493548374,1.0,-1.0,-1.0,-1.0,-0.6847263594551524,-1.0,1.0,1.0,0.70636685013086,1.0,0.5598730002368741,0.5369174591269015,0.5481556814981438,1.0,1.0,1.0,1.0,1.0,-1.0,-1.0,-1.0,0.9940193841088897,0.08976129107101694,-1.0,0.9824859158635103,0.20561712163552393,-0.5180781916964128,-0.22484632133794857,-0.4616099634294696,-1.0,0.25913532418903473,1.0,-1.0,-1.0,-1.0,1.0,0.34094641708447626,-1.0,1.0,1.0,1.0,1.0,0.2861047422130682,3.0,6.0,8.0
-1.0,0.6012138290877227,0.45179873208565385,-1.0,-1.0,1.0,-0.972181315675942,0.3321215680680275,-1.0,0.3011728501258416,-1.0,1.0,-1.0,-1.0,-1.0,1.0,1.0,-1.0,0.015435708340880303,1.0,0.9760842640396964,-1.0,-0.40854760376865706,0.6413267555054137,-1.0,-1.0,-1.0,0.0444160119402445,-1.0,-1.0,1.0,-0.2426963962133608,1.0,-1.0,-0.41188609218626704,-1.0,0.7369834287307848,1.0,1.0,1.0,-0.7343884232099611,-0.7479215615406833,-1.0,-1.0,1.0,0.9080119479204566,1.0,0.954106986981272,-1.0,-0.3683936559867993,-0.7199602799819811,1.0,1.0,-1.0,0.76698556129811,0.0991503365232036,1.0,1.0,1.0,0.5325682399964172,0.08694039738921155,1.0,-0.00957593282192093,-1.0,1.0,-0.2924354310218463,0.7538903972131343,-0.989732690403839,-0.2939518643978866,0.6186824980769209,1.0,0.365825345699337,1.0,-0.38194715681442304,1.0,-0.4445818362802899,1.0,0.40731726166796833,-0.7727698902593227,1.0,-1.0,1.0,0.5275771795499123,0.23901162611108812,-0.5183447253278599,-1.0,1.0,-1.0,0.9132302140195689,-0.5059752936489151,0.14239653383093143,-1.0,0.08261519049990126,0.96447278237904,-0.6528589169722078,0.7568341145000073,0.31224184988163883,-1.0,0.20072901311764213,1.0,-1.0,0.21786178094109765,0.9133980996106356,-1.0,-0.006295365018517449,-1.0,-1.0,1.0,-1.0,-0.8540774683710703,-0.28062393157718923,0.7531174373431437,1.0,-1.0,1.0,-0.8550216189625504,-1.0,1.0,1.0,0.6686973039665689,0.5212730937078449,-0.7512090112979408,1.0,0.04008805953372488,0.8298046190066592,-0.3957333498638148,-1.0,-1.0,-1.0,-0.8319397817227558,-0.5746637846388757,0.5133353052913585,0.28717990904115276,1.0,0.8170110447425378,-0.8076823820219448,-0.16299546107424323,1.0,-1.0,1.0,1.0,-1.0,1.0,0.37800632386263444,0.08054592171586933,0.2591807188007895,-1.0,0.9941633365845254,-0.3255320307924606,-0.9874361615178479,-1.0,0.2586070859634181,-1.0,0.20547988050775767,0.9874004994591123,-1.0,-1.0,-1.0,1.0,0.05211728986069786,0.2516981960680764,-0.7394948015405096,0.733615250834476,-0.5059782902379593,1.0,-0.06573729029069209,-0.3046035747353151,1.0,-1.0,0.6387244917055546,0.8466872411022164,0.6385281116159672,-0.7313403222004267,1.0,-1.0,1.0,-0.7028652033629447,1.0,-0.5009863901487814,-1.0,-1.0,0.4497237683393474,1.0,-0.08600050520974911,0.023550479715591544,-1.0,-1.0,0.25205623912810293,-1.0,-0.37773623199868145,-1.0,-1.0,-0.7536902073427657,-1.0,1.0,0.9851192285766684,-1.0,-0.11103616714340889,1.0,1.0,1.0,-1.0,1.0,1.0,-0.9170258370274045,-0.029218092774640714,0.24533048282905714,1.0,1.0,-1.0,-1.0,-1.0,-0.25603218722959875,0.8490254009631937,1.0,0.28945259397753365,0.4043928924043615,0.6031905678460009,1.0,1.0,-0.7234336723092931,-0.580754707103702,-0.13825964303134497,0.4320686922129552,0.04765461483611935,-1.0,1.0,0.31214657597052287,0.8017713053905339,-1.0,1.0,-1.0,-1.0,0.013477832302050574,-0.976988237948917,-0.24705682644109134,0.005062469853414381,1.0,0.32247022127682856,-1.0,1.0,1.0,1.0,1.0,1.0,-0.248805043673609,-0.7098540394070252,-0.09267741435902202,0.4584265008239843,0.027939690329345457,-1.0,-1.0,0.5193837967993263,-0.21035435477804565,-1.0,1.0,0.5825405593666538,1.0,-1.0,-0.2916110602068976,0.6297019874088454,0.685037842285326,-1.0,-1.0,1.0,3.0,6.0,8.0
-1.0,-1.0,0.41429876299533946,0.9725132536633552,0.8672233760119228,1.0,1.0,-1.0,1.0,-0.6089408169258799,-0.9191374161737763,1.0,-0.30396424926630844,0.9939106233333439,-0.9827600151798679,0.4698524629436093,-1.0,-0.9779108268936787,-0.5602684382939658,-1.0,0.9927601877603482,-0.9768764154307767,-0.9434704205119583,-1.0,1.0,0.14253933227101034,-0.935591499676793,0.9776710840235655,-0.961726275303664,-1.0,-1.0,0.8337998042931883,-0.9983473197428776,0.969114855703672,-0.9882446511792693,-1.0,-0.9094359384117606,0.7905480184704006,-0.9735006678942031,0.13234403107787407,0.8115195581994534,-0.9763909693437861,-0.9902203758830713,1.0,1.0,-1.0,-0.9454626826489705,-0.4564174391711635,0.400473445536633,-1.0,-1.0,0.9251772428407309,0.4519942701713562,0.9409929934744274,-0.4549971683232682,-1.0,-0.9872472709190054,-1.0,0.9760405841808699,0.8005908269505463,1.0,-0.8836699893739972,1.0,-0.9280405419767497,0.7530000932124428,-1.0,-0.9879165459962835,-0.991497395380885,-0.3648417397344304,0.9896927229476794,-0.11487807512956821,-1.0,-0.6807737571063563,-0.9940649435989546,-0.2770358247305905,1.0,0.48909478942818363,-0.9880771432153597,-0.9924356895921115,0.7974651968016567,-0.19190406296023826,-0.9121065681186439,0.9792665659009555,0.46914382817891515,-1.0,0.9981977135574323,-0.9551883160298781,-0.658735885894362,-0.9881931117756324,-0.8110747856008201,1.0,-1.0,-1.0,-0.9983775221152135,0.9773417250091603,0.9700594717652828,-1.0,0.8889512512419603,0.8554824332077634,-0.9945652939772747,1.0,-1.0,0.10045109670953987,0.7669552210519348,-0.7518870187871615,1.0,-0.9968113854184251,0.9906388826103432,0.9993162191447805,1.0,-1.0,1.0,0.6931260545456377,1.0,1.0,0.8230145391033217,0.8870409030938216,0.10612357974570286,0.9514009464705407,0.44866723918981766,-0.9982108599581072,0.9904898190781056,0.5408518058391529,0.9898214426382874,-0.9829982995573793,0.9921213549397623,1.0,-0.9699741692226242,0.4692448628116195,0.9205806683358556,-1.0,1.0,0.9477892135232893,0.6128967063225941,1.0,-1.0,-0.9719422729546229,0.13681208250410404,-0.997763720642509,-1.0,1.0,-1.0,0.003391015437258081,-0.9765902429673199,0.9805380229232543,1.0,1.0,0.9499909299831419,0.49574148900153236,-0.9825772392565242,-0.9982735660345118,0.9878712538672937,0.9848187149533851,1.0,-1.0,-0.4381272469274091,-0.9452864250336713,-0.997809149478945,-1.0,-1.0,-0.6090519058867534,0.26640661974910174,1.0,-1.0,1.0,0.14668839560301442,-1.0,-0.9858089085092754,-1.0,1.0,0.9850493287142755,0.9434721169934039,-0.9939529414723133,0.975143211038608,-1.0,-1.0,0.9945299974317343,1.0,-1.0,0.9925038125365984,-0.7382670894704444,-1.0,-1.0,-1.0,0.6334201792381856,-0.9961559861071052,-1.0,0.8831110827338131,1.0,-1.0,-0.9935682467634523,0.052290103758950615,-1.0,1.0,1.0,-0.4387565660270878,0.9999814034371265,-0.046917416368436105,0.9965062613360518,-0.9807694709244279,0.9658966859057286,1.0,-0.9942038084399202,-0.9832650702800765,-0.9657896960579783,0.02864128250033271,-0.9997717876251702,1.0,0.9861924543980474,-0.5966688393162256,-0.9806560392108986,0.9225658604731319,0.1371988655109338,0.9714917129524822,-0.9962504621700945,1.0,0.993677733889425,-0.9980490470019965,0.9836637824923684,-1.0,-0.9952822873468051,0.8915771034770255,1.0,1.0,1.0,1.0,-1.0,1.0,-0.986996401798442,-0.009028346701434042,-0.9931992263904189,-0.9985785841958557,0.045090235866821135,0.3240786099821883,1.0,-1.0,0.9826224373176651,-1.0,-0.9936272758015005,-1.0,0.11926671472040906,-0.6381975187937706,1.0,1.0,1.0,0.6364163026469158,-0.9579700805028389,1.0,-0.3098492736386455,-1.0,0.9665260013692482,-1.0,0.48313583703678215,-1.0,-1.0,-1.0,-0.982755680626797,0.8943581607938921,0.21159445044950143,-0.9983778485959058,1.0,1.0,-1.0,-1.0,0.9726760219057619,3.0,6.0,8.0
0.6757783626331679,-0.8217370587187325,0.6110839581626598,-0.3118908177355565,-1.0,1.0,1.0,-1.0,-1.0,0.38429599309330864,1.0,1.0,0.48000517263296505,1.0,-1.0,1.0,0.30736396854969883,1.0,1.0,0.1753688492027879,0.7340871833736535,-0.13986558676035976,1.0,1.0,1.0,-1.0,1.0,1.0,0.8924564782151408,1.0,-0.49864463215950017,-1.0,-0.096615395148135,0.8757674789450698,1.0,-1.0,-1.0,0.2147323602183987,1.0,-1.0,-1.0,0.47477677457669737,1.0,-1.0,1.0,1.0,1.0,1.0,1.0,0.27125380871440297,-1.0,1.0,-1.0,-1.0,1.0,-1.0,1.0,1.0,1.0,1.0,0.4179082749242946,-0.09033364926796539,1.0,1.0,-1.0,-1.0,-1.0,1.0,0.4693447094875114,-0.30094454921814817,1.0,0.14506531730459893,-1.0,-1.0,1.0,1.0,1.0,1.0,0.27426156322580597,-1.0,1.0,-0.5509180697479904,-1.0,-1.0,-1.0,1.0,0.2619751935548811,-0.5040458725631973,-0.938521113939855,-1.0,-1.0,-0.9180221126620016,1.0,-0.42194184185522177,-1.0,1.0,1.0,-1.0,1.0,-0.9460787646877001,-0.6246045499445027,0.4390164652141839,1.0,-0.2093169610049579,0.8082253715219976,0.24193784504014304,-1.0,1.0,1.0,1.0,-1.0,1.0,-1.0,1.0,0.9742471794045111,1.0,1.0,1.0,1.0,1.0,1.0,-1.0,1.0,1.0,1.0,-0.8626798774009633,-1.0,-1.0,-1.0,-1.0,0.7709241237432027,0.40801474870090537,-1.0,1.0,0.8375435094392016,-1.0,-0.4656184281335385,1.0,0.7432324176588175,1.0,-0.18396251954439918,-1.0,1.0,0.8630375893120725,-1.0,1.0,1.0,-0.7885865070365932,-1.0,1.0,0.6212516692033827,-1.0,-1.0,-1.0,0.9915111838431814,-1.0,-0.3903535047918423,0.5243793273929462,0.07620391815772609,1.0,1.0,-1.0,1.0,-0.2840873946209236,1.0,1.0,-1.0,0.17299825035129723,-1.0,0.9255797665050954,0.24311514173787008,1.0,1.0,1.0,-0.007708855181985497,-1.0,0.9318267318431938,-1.0,1.0,-1.0,1.0,-1.0,-0.7910420241938209,-0.44910476841159996,1.0,0.10770684759640059,-1.0,-0.004584440059369532,1.0,1.0,0.5782564387120952,-1.0,-1.0,1.0,1.0,-1.0,-1.0,-1.0,-1.0,1.0,1.0,1.0,-0.19938700756298644,-1.0,-0.7727303332206037,-1.0,0.7601110294986362,-0.915330486002,-0.45749415195336945,1.0,-0.3316868974624,-0.606608316260643,0.7123561755081822,0.599072883166433,0.5175585212819354,-1.0,-0.10283587435100316,1.0,-1.0,0.8139005115558895,-1.0,-0.9002038630090756,0.2411170991420455,0.9033848845513663,1.0,1.0,1.0,-0.4004173551160256,1.0,1.0,-1.0,-0.6699189358179882,-0.315466237146776,-1.0,-0.7045436348783274,0.6391085379237654,-1.0,-1.0,1.0,1.0,-1.0,1.0,1.0,1.0,1.0,-1.0,-1.0,1.0,1.0,1.0,0.6824153519087077,-0.18693549141254318,1.0,1.0,-1.0,0.7777538229397469,1.0,1.0,-0.4736508263027615,-1.0,-1.0,1.0,0.6155307235025445,-0.6986439993300972,-1.0,3.0,6.0,8.0
1.0,1.0,-1.0,-0.8401998485620779,-0.7737457379397634,1.0,0.3284791334407078,1.0,-1.0,-1.0,-1.0,-1.0,-1.0,-1.0,-1.0,-0.20418193523788017,-0.6014955561289423,-0.6758984810540374,-1.0,-1.0,1.0,0.5856899193008833,-0.5022235420562617,-0.5532278566553492,1.0,-1.0,1.0,0.8166168255229016,0.12999341158614497,1.0,0.23303600275162095,-1.0,0.025993022143809386,-0.4226201127419278,1.0,0.4294131357107881,0.28476084494115317,-1.0,1.0,0.23100475310020574,-1.0,1.0,0.5618748015420479,-1.0,-1.0,-0.9516472957248376,0.2667464618551425,-1.0,1.0,0.45665954244659657,1.0,0.9576187937262479,-1.0,-0.32951642358935573,1.0,-1.0,-1.0,0.44728699031875796,-0.6613658214216604,-0.6155267159418628,1.0,1.0,1.0,1.0,1.0,1.0,-1.0,-1.0,1.0,-1.0,-0.35618669859082164,-0.04363898475539202,-1.0,0.8921342391268714,1.0,-1.0,-1.0,1.0,0.4194487462540606,-1.0,0.11168773272963528,-0.918162766905541,0.7111262705354471,-1.0,-1.0,1.0,-1.0,-1.0,-1.0,-1.0,-1.0,1.0,1.0,0.165010272797814,-1.0,-0.17404358864607827,1.0,1.0,-1.0,-0.2595063205925554,1.0,1.0,0.7351684695790679,-1.0,-1.0,-1.0,-1.0,-0.6411342280821091,1.0,-0.951681289881035,1.0,-1.0,1.0,1.0,1.0,1.0,0.3016111522958349,0.03416349486450798,1.0,-0.7629673068670515,1.0,1.0,-1.0,-1.0,-1.0,1.0,-1.0,-0.5851492160021858,0.7877612768559057,0.17142110947056816,1.0,0.4106066183418625,1.0,1.0,1.0,0.8247830112848091,-1.0,0.5496981587344356,-0.2092277511698344,-1.0,1.0,0.07666051335705548,-1.0,-0.5225782763034786,0.8295582752703277,1.0,-1.0,-0.06936535556937917,0.13549692848682646,-0.6627750365771602,1.0,-1.0,-1.0,0.24006440341822943,-1.0,1.0,-1.0,-1.0,1.0,-1.0,0.9171905125275173,-0.45168819490700285,1.0,-0.5620141495105119,-1.0,1.0,1.0,1.0,1.0,0.2675957750974194,-0.7010697756339886,-0.13256818523169667,1.0,1.0,0.023116314545893357,-1.0,-1.0,1.0,-1.0,-0.12407381032510667,0.8690288846017176,1.0,1.0,1.0,1.0,-1.0,-1.0,-1.0,0.3562642043754972,1.0,-0.8257949106033897,-1.0,-0.5285736769508529,-1.0,1.0,-1.0,1.0,1.0,-1.0,1.0,1.0,-1.0,-1.0,-1.0,0.669572413889525,1.0,0.05993268343397163,1.0,-1.0,-1.0,0.23273083120120686,-1.0,0.8538395572488445,0.407883988308819,1.0,-1.0,1.0,1.0,1.0,-0.9202501913045975,-1.0,-1.0,1.0,0.49132185574888454,-0.6990342992552394,-0.5947722836749934,-1.0,-0.4878138787539308,-0.14010208627216825,1.0,-0.25588722744661874,-1.0,-0.28817459441905335,-0.5308095149606804,-1.0,1.0,-1.0,0.185515164461731,0.7191764911884995,1.0,-1.0,0.4465220977543911,1.0,1.0,-1.0,1.0,1.0,1.0,-0.9299718793621576,-1.0,-1.0,0.811644150913075,0.22730123398049853,-0.6302262824779341,1.0,1.0,1.0,-0.5751967873294488,-0.8227074638100129,-1.0,-1.0,-1.0,-1.0,0.5954630268791536,0.6848436754666113,3.0,6.0,8.0
1.0,0.9969648101500757,1.0,-0.9777075419497779,-0.9996550710723615,0.6359481240897686,1.0,0.5288919382977488,0.9818724100839857,0.5545549286000464,-1.0,1.0,1.0,1.0,0.8004514155864191,-1.0,0.962547559962766,1.0,0.9842575205301387,-0.9438896251366514,1.0,1.0,0.09904431512384426,-0.29487464992088386,1.0,-0.9706256791784684,0.4538520760933017,-0.9321627768917644,0.9916261037492486,-1.0,-1.0,1.0,1.0,-0.8364519774182775,-1.0,1.0,0.9859825093236441,1.0,-1.0,-1.0,-1.0,-0.997879843769143,-1.0,1.0,1.0,-1.0,-1.0,-0.7284907319784573,-1.0,1.0,1.0,0.8236290994272819,-1.0,-1.0,-1.0,1.0,1.0,-1.0,1.0,1.0,1.0,-1.0,1.0,1.0,-1.0,-1.0,-0.44365439246484284,-0.8113779035934591,-1.0,1.0,-1.0,0.942994567749241,-0.10238366725394174,0.6841301219440995,-1.0,1.0,1.0,1.0,-0.987147903986572,0.3970439099697066,0.26071072500310444,-0.24500750656432446,-1.0,-0.14078989417995846,1.0,-1.0,0.42228963236302985,-0.9959131416202213,1.0,-1.0,-1.0,-1.0,1.0,-1.0,-1.0,-0.6011077708365262,-0.9679171694603688,1.0,1.0,0.9992929492034374,-1.0,-0.9431767697066267,-1.0,1.0,1.0,0.9560001144495783,-0.678024904574186,0.9951358777050573,-1.0,0.004463704508217037,1.0,-1.0,1.0,-1.0,1.0,-1.0,1.0,-1.0,-1.0,-0.8431176135013569,1.0,-1.0,-0.49466497069195237,1.0,-1.0,-1.0,0.0004305475523315172,1.0,0.8998423845793926,-1.0,-1.0,-0.9968370934147317,0.42509557802479025,0.3029601105952968,-1.0,1.0,1.0,-1.0,-1.0,-0.6280797295214217,-1.0,1.0,-0.769501150446062,-0.9369453546890638,1.0,-1.0,-0.9949684410435505,1.0,0.37532849015450037,0.5374860304485357,1.0,-0.9801699866560163,-1.0,1.0,1.0,1.0,-1.0,1.0,-1.0,1.0,-1.0,1.0,0.9781503519241843,1.0,1.0,1.0,-0.9852761518859392,-1.0,1.0,-1.0,-1.0,-1.0,0.9918768617357135,0.7054708947829035,-0.5538172021502056,0.998573089257916,-1.0,-0.9902417406069739,-1.0,-1.0,1.0,0.9913620278548798,-0.1342375897326562,1.0,-0.4207294268930967,-1.0,-1.0,1.0,1.0,1.0,1.0,-1.0,-1.0,1.0,1.0,1.0,-1.0,-1.0,-1.0,1.0,-1.0,-1.0,1.0,-1.0,-1.0,1.0,-0.9969301798401445,1.0,-0.08456948535866848,1.0,1.0,-1.0,1.0,1.0,0.3315655397918613,1.0,-0.9961126057840207,-1.0,1.0,1.0,0.3478966097042454,-1.0,-1.0,1.0,1.0,-1.0,1.0,1.0,-1.0,1.0,-1.0,1.0,0.998722141612714,1.0,-1.0,-1.0,-1.0,-1.0,1.0,1.0,-0.33013103759380824,-1.0,-0.9119071578872957,-1.0,1.0,-1.0,-0.964580724757126,0.6133000637182764,0.1059491385983804,-1.0,1.0,1.0,1.0,-0.9825427058173214,1.0,1.0,-1.0,-1.0,1.0,-1.0,-1.0,1.0,1.0,0.6159166587734287,1.0,3.0,6.0,8.0
1.0,-1.0,1.0,0.6335144641225521,1.0,-0.04313562991088371,1.0,1.0,-1.0,-1.0,-1.0,1.0,1.0,1.0,1.0,-1.0,-1.0,1.0,-0.14701906060386283,-1.0,1.0,1.0,1.0,1.0,-1.0,1.0,-0.5293949081613245,1.0,1.0,1.0,-1.0,-1.0,0.4109554860051725,-1.0,-0.35771008116869285,-1.0,1.0,1.0,-0.4506460325001088,-1.0,-0.7720448136108861,1.0,1.0,-0.2038989895643485,-1.0,-0.18047208461181885,-1.0,-1.0,-1.0,1.0,1.0,-1.0,-1.0,-1.0,-1.0,1.0,-1.0,1.0,1.0,-1.0,-1.0,1.0,0.066621032488457,1.0,1.0,0.21164745401253038,-1.0,-0.01302932174840582,0.47732045045960203,1.0,1.0,1.0,0.7406437930569449,-0.0032315157506515035,-1.0,-1.0,0.5239684006434253,1.0,1.0,1.0,-1.0,-1.0,-1.0,0.07783299229806262,1.0,-1.0,-1.0,-1.0,-0.5433200224250846,-0.9209891915147892,-1.0,-0.5323976286497883,0.5176663942501394,-1.0,0.7512863563651289,0.39168777255761733,-1.0,1.0,1.0,1.0,-1.0,-0.02855838236772923,0.8488646395236241,-1.0,1.0,-1.0,1.0,1.0,1.0,-1.0,-0.6419483836279021,-1.0,-0.28214624190169113,-1.0,-1.0,-0.07983878770500163,-1.0,-0.7103525266234902,-0.17148512245033865,-1.0,-1.0,1.0,-1.0,-1.0,-0.0034321710070084333,0.36025801026337184,-1.0,1.0,-1.0,-1.0,-1.0,0.8871242113365625,-1.0,1.0,-0.8803875455316794,0.8412235286044141,-0.486727847748079,0.8487886745210949,-1.0,0.11866256586970358,0.11979142642784346,1.0,-1.0,-1.0,1.0,-1.0,1.0,-0.6312727054347118,1.0,0.4076609427590101,1.0,-1.0,1.0,0.4520644144402264,-1.0,-0.8298974061645524,0.14810159908326087,-1.0,-1.0,0.9178594460854388,1.0,1.0,-1.0,-1.0,0.4659523144598581,-0.885021068939759,1.0,1.0,1.0,1.0,0.9110501923072782,1.0,-1.0,0.17468827277609877,-0.2133256712571231,1.0,1.0,1.0,1.0,-1.0,1.0,0.5230648944639356,1.0,0.2518461976481041,1.0,0.9916404088466135,-0.6632045265739355,-0.24523664122161004,-0.5002720994017966,-0.33819161723071267,1.0,1.0,0.1427628770051157,-1.0,1.0,-1.0,1.0,-0.47190694997987404,-1.0,1.0,-1.0,-1.0,-1.0,-0.9739909653852835,-1.0,-1.0,-1.0,0.6113764365405184,1.0,0.07649501161516814,-0.8928185759644692,-0.3367113510630986,-0.35559251954876037,-0.2658101511331472,-1.0,-0.0004956473821922103,0.4918807984938345,-0.8409384312679982,-1.0,-1.0,-1.0,0.5450386042643331,0.7047090333278261,0.38790577003496063,-1.0,-1.0,-0.369585802497554,-0.4488517094889306,1.0,-0.25161731839269463,-0.6827926444137167,-0.2213135167076854,1.0,-1.0,1.0,1.0,-1.0,-1.0,-1.0,1.0,-0.8304755464617826,1.0,1.0,-0.31282935341219953,1.0,-1.0,1.0,-1.0,1.0,-1.0,-0.0586340370507219,-0.7861561918898448,1.0,-0.7860806709326296,-1.0,1.0,1.0,0.6520733254247681,1.0,-1.0,1.0,-1.0,0.20344219294982724,1.0,1.0,3.0,6.0,8.0
-0.6146929861880196,1.0,-1.0,-0.9913132396694316,0.988168736318819,-1.0,-1.0,0.04707314213366442,1.0,-1.0,1.0,-1.0,1.0,-0.6287678417807897,0.35312089905079835,-0.49820908574375905,-0.9077455505662789,-1.0,1.0,-1.0,1.0,1.0,1.0,-1.0,-0.5876606114974675,-1.0,-0.32000758378124416,-1.0,1.0,1.0,-1.0,-1.0,-0.7300917161630311,-1.0,-0.5393651303489979,-1.0,0.6790411538821218,-0.16625331087763615,1.0,1.0,0.0006482838950727654,-1.0,-1.0,-1.0,-0.31052660113488584,-1.0,1.0,-0.049602320073890205,1.0,-1.0,0.6339615595867691,1.0,-0.9814899259435894,-1.0,0.1767879302419357,1.0,1.0,-0.17207157580942486,1.0,-1.0,-1.0,-1.0,0.05948855878234571,-1.0,1.0,0.6951500028027136,1.0,1.0,-1.0,-1.0,-1.0,-1.0,-1.0,-0.019395674679016595,-1.0,-1.0,-1.0,-1.0,0.6261671178350112,-1.0,0.5707783871064744,0.1334491927453677,-1.0,0.45903264820924944,-0.8435231313386263,-1.0,1.0,1.0,-0.5810581658101118,0.762982610997176,-0.5468512124281972,0.9990735484539648,-1.0,-0.9930225923554983,1.0,-1.0,1.0,1.0,-0.9630538268505163,1.0,0.09511548303289818,1.0,-1.0,-1.0,-1.0,0.9902542708167262,-1.0,-0.9888678980626991,1.0,-1.0,-1.0,1.0,1.0,0.07823092510793761,-0.9791346393409533,1.0,1.0,-1.0,-1.0,1.0,-1.0,-0.9925661935321395,0.8362218156381716,-0.6552064713018706,1.0,-1.0,-1.0,0.8129258054990884,1.0,-1.0,-1.0,-0.7161137641040327,-1.0,-1.0,-0.38831488783853463,1.0,0.7579501196807616,0.13963408849338133,0.8827562701198413,1.0,-1.0,-1.0,0.8744944584288974,-1.0,-0.9130618318498406,-1.0,1.0,1.0,-1.0,0.9470964447554641,1.0,-0.5934030705063169,1.0,1.0,-0.9895601827342799,1.0,-1.0,-1.0,1.0,-1.0,0.0020971739748002483,-1.0,-1.0,1.0,1.0,-1.0,-1.0,1.0,-0.398279773971759,-0.6434101141189694,-0.2507239888473566,-1.0,-0.6700236143709802,-1.0,-1.0,1.0,1.0,-1.0,0.9998361109982182,-1.0,-0.3989565497874936,-0.636802632309412,0.9444734695264112,-0.7450183714609138,1.0,-1.0,0.5669188846962698,-0.9793549078494737,1.0,1.0,-1.0,0.9996945715784566,1.0,1.0,-1.0,1.0,1.0,1.0,-0.7096564919480212,1.0,1.0,0.8664672657020404,-1.0,-0.4441647991499404,1.0,-1.0,-1.0,-1.0,-1.0,1.0,-1.0,0.5972802863418623,1.0,-0.5261546255722533,-0.42719888802486544,1.0,-1.0,-1.0,-0.4974444622281833,0.9027909807786364,-1.0,-1.0,-1.0,1.0,-0.09662245221277144,-1.0,0.9849718098047527,0.7533922654050172,-0.9642141319968606,1.0,1.0,1.0,1.0,1.0,0.38939408527453306,-1.0,-1.0,-1.0,1.0,-0.372663937843146,-0.4208116893227307,1.0,1.0,-1.0,1.0,1.0,-0.5804401115933033,1.0,-1.0,-1.0,-1.0,-1.0,-1.0,1.0,1.0,-1.0,0.36331972027016146,-1.0,1.0,1.0,-1.0,-1.0,0.9963235740206468,1.0,0.1578700637064756,3.0,6.0,8.0
