0,1,2,3,4,5,6,7,8,9,10,11,12,13,14,15,16,17,18,19,20,21,22,23,24,25,26,27,28,29,30,31,32,33,34,35,36,37,38,39,40,41,42,43,44,45,46,47,48,49,50,51,52,53,54,55,56,57,58,59,60,61,62,63,64,65,66,67,68,69,70,71,72,73,74,75,76,77,78,79,80,81,82,83,84,85,86,87,88,89,90,91,92,93,94,95,96,97,98,99,100,101,102,103,104,105,106,107,108,109,110,111,112,113,114,115,116,117,118,119,120,121,122,123,124,125,126,127,128,129,130,131,132,133,134,135,136,137,138,139,140,141,142,143,144,145,146,147,148,149,150,151,152,153,154,155,156,157,158,159,160,161,162,163,164,165,166,167,168,169,170,171,172,173,174,175,176,177,178,179,180,181,182,183,184,185,186,187,188,189,190,191,192,193,194,195,196,197,198,199,200,201,202,203,204,205,206,207,208,209,210,211,212,213,214,215,216,217,218,219,220,221,222,223,224,225,226,227,228,229,230,231,232,233,234,235,236,237,238,239,240,241,242,243,244,245,246,247,248,249,250,251,252,253,254,255,256,257,258,259,260,261,262,263,264
1.0,-1.0,-0.9388358423276065,-1.0,-0.3236744189597369,0.7552341273244773,-0.6664352513400965,1.0,1.0,0.5570724951568298,-0.6824861042268666,0.27300964005012773,1.0,-1.0,-0.9623651224715241,-1.0,-0.7760359211853752,0.9811458695603673,-1.0,1.0,-0.885369967543272,0.30037021375589645,-0.8953662999675158,-1.0,1.0,-0.9704230397686933,-0.8908377170192066,0.983792940131294,-1.0,-0.3606209371814678,-0.5864167516742322,0.9617514025216645,1.0,-1.0,-0.8517481443614373,-0.3088525911819384,-1.0,-1.0,1.0,-1.0,-0.3535547810079993,-1.0,0.7888714379224132,-1.0,0.9909271251533012,-0.737368531541801,-1.0,-0.24613526989153622,0.9751048767237694,-1.0,-1.0,-0.9928600477572298,1.0,1.0,0.9301633786353161,1.0,1.0,1.0,-0.9984332166808572,0.9940485870640274,0.26503528454618364,1.0,-0.997918737027075,1.0,0.5969011669269509,1.0,-1.0,-0.5989917332196673,-0.8874907952285429,-1.0,-1.0,-0.06338316149039491,1.0,-0.07655669880299681,0.9262614401049173,-0.7835101603406538,-1.0,0.9851922438528894,-0.032078105212945074,-0.0340952866159423,-1.0,0.37896453687162646,1.0,-0.8555261475414235,1.0,-0.9972892901916394,1.0,1.0,-1.0,-0.9903008974618694,0.3873167564874479,0.16541381381419545,1.0,0.20532138822255022,-0.869034815137556,1.0,1.0,-1.0,1.0,-0.5886024577096769,-1.0,1.0,1.0,1.0,-1.0,-0.22858115519644195,1.0,1.0,0.8422106929203201,-0.9937051226905046,1.0,1.0,-0.9831933142913793,-0.9932777761045932,-1.0,1.0,-1.0,-1.0,0.0014912815614984056,0.9684042115055077,-0.6004133873024875,0.9903190160702116,0.8135441738177498,1.0,-0.9911298439281582,-0.4360030765043945,-1.0,-0.5586487829797803,-1.0,-0.9890090684657543,-1.0,-0.4865369951143349,1.0,-0.9685745737681052,0.30232059730019967,-1.0,-0.9948423261554321,1.0,0.9860596921889164,0.9997023954516439,1.0,1.0,1.0,-0.9772478028745848,0.8696127062455872,-0.020521838804736528,1.0,1.0,0.24885028891910993,1.0,-0.6417559968866118,0.4824164462540713,-0.026400807128098225,1.0,-1.0,-1.0,1.0,-0.8604639154268336,0.7891182026511943,1.0,-0.8607294169828973,1.0,1.0,-0.9916017163631939,1.0,1.0,0.9986312017262999,-1.0,-0.7774089183665058,1.0,1.0,-0.7689769133285258,1.0,-1.0,1.0,0.9804821084833112,0.30873682604108965,1.0,1.0,-1.0,-0.6127974785419403,-0.559731545502113,-1.0,-1.0,-0.17845580392948324,-1.0,-0.6211083087759243,1.0,-0.4803481713386276,0.05425341985849892,0.9961290258107939,0.9897833529111474,-0.7140935046840513,-1.0,0.9765418120577836,1.0,-1.0,-0.721400620118144,-1.0,-1.0,1.0,0.8593169776484012,-1.0,-0.6131648817082973,1.0,-1.0,0.7655432259704518,1.0,1.0,0.07012846175351883,1.0,0.31145897244695275,0.2837270626074916,1.0,-1.0,-0.5685160274282424,1.0,1.0,0.5868784086722004,1.0,-1.0,0.3926632130033818,0.1756026892371655,-0.10560234077879607,1.0,-1.0,0.6215762992297303,0.9989036848569104,0.8327751284291508,0.9968351832120593,-0.6577576559986149,-0.036389485054381776,-0.30778940749663564,-0.9493538623082992,-1.0,0.7990847122978898,-0.5028446223087024,1.0,1.0,0.22996127484140275,-0.779797340198347,-0.9949116725829947,-1.0,0.8757838487009313,-1.0,1.0,-0.7385905831262813,-0.28173100927951256,1.0,0.7044186194248344,-1.0,-1.0,1.0,-0.6594792299019218,-1.0,0.6916267225664258,0.7196439928210772,-1.0,-0.999737103951434,0.9540849143649649,-1.0,-1.0,0.9620478458188146,-1.0,0.9993491634089258
1.0,1.0,1.0,-1.0,-0.7890311378802777,1.0,1.0,1.0,-0.29971088547768554,0.7274911915356341,-1.0,0.26863990716405906,1.0,1.0,1.0,0.07481947544619805,0.6113216341153893,-1.0,-0.9015529062994787,-0.7160158733689688,-0.9123781490737464,-1.0,-1.0,1.0,1.0,-1.0,1.0,0.019392628554705027,-1.0,-1.0,-1.0,1.0,-1.0,1.0,-1.0,-1.0,0.3571872042526065,-1.0,-1.0,1.0,1.0,1.0,-1.0,-1.0,-0.7115212338838368,-1.0,0.10571308737362106,0.694163022084596,-1.0,1.0,-1.0,-1.0,-0.24488701949083524,0.6522418758383968,-1.0,-0.07385730530809811,0.9499463591504643,-1.0,-1.0,1.0,1.0,1.0,1.0,1.0,-0.2889273277001916,0.7040184224867224,-0.4085854218464562,0.4083991593826022,-1.0,0.8064316738850517,1.0,-1.0,1.0,-0.9163127794391046,1.0,-1.0,-0.8169173232557495,-1.0,0.11187940785570827,-0.8265449985985184,-1.0,-0.98008996021686,-1.0,1.0,1.0,-0.32760516615509594,-1.0,1.0,-1.0,1.0,0.9250056511303393,0.34423641616909173,-1.0,1.0,1.0,1.0,-1.0,-1.0,-0.45982199947903013,1.0,-0.04499220912082591,-0.22140257776726824,-0.6539504340936777,1.0,-1.0,0.25237904466245453,-1.0,-0.8814608878867691,0.6109335351659397,0.18979383880606582,1.0,1.0,-0.7826614212333329,1.0,1.0,0.7572712193954687,-1.0,1.0,1.0,1.0,-1.0,-1.0,-0.18714193280506342,0.6001719460805572,-1.0,0.21592879297636292,-0.9062383815777832,-1.0,-0.7279451706568467,0.387670867727117,-1.0,-1.0,0.7998199700902042,0.4388897710394133,0.44073616336572763,-1.0,-0.5908561206251174,1.0,1.0,1.0,-1.0,-0.2664233291749505,-1.0,-1.0,0.8174659776765987,1.0,0.647182742817517,1.0,1.0,1.0,1.0,-0.7047942225974204,-1.0,-1.0,0.8643912776555656,1.0,-1.0,-1.0,-0.965274013408446,1.0,1.0,1.0,0.3398018233912792,-1.0,1.0,-1.0,-1.0,-1.0,-1.0,-0.6145621909858703,-1.0,-1.0,1.0,-1.0,1.0,-1.0,-0.8257222554789739,-1.0,1.0,-1.0,1.0,-1.0,-0.6631498591735264,-1.0,-1.0,1.0,1.0,1.0,-1.0,-1.0,1.0,1.0,1.0,-1.0,1.0,1.0,-0.3723027088082081,1.0,-0.2811418074651143,-1.0,-1.0,-1.0,0.07768631472935139,-1.0,-1.0,-0.0016654857074405172,1.0,-1.0,-0.5441858538252102,1.0,-1.0,1.0,0.30207144781673334,0.18114876683718295,-1.0,-1.0,0.9850595508570763,0.5557782186469642,1.0,-1.0,-0.9395430230763633,-1.0,-1.0,1.0,0.5964801228224472,1.0,-0.3313682233937024,-1.0,-0.8251830687218629,1.0,1.0,0.5296864196488998,1.0,-0.37520340113962986,1.0,-0.014056299935796934,1.0,1.0,1.0,-0.4711279643204914,1.0,-1.0,1.0,1.0,1.0,0.897595822136733,1.0,0.11206225680407489,1.0,0.6086629798309807,1.0,-1.0,-1.0,1.0,1.0,1.0,-0.4039948930334536,1.0,0.5435484149909228,-0.06355959946155176,-0.2594984531854994,-1.0,0.9729253971846537,1.0,1.0
0.3600810723819327,-1.0,1.0,0.1867691888294002,-0.6129548031750792,-1.0,-0.6744920446629938,1.0,1.0,-0.12855680576493633,-0.7741534110895731,0.7881567690495018,-0.5749326975512291,-1.0,1.0,1.0,0.36788453929184195,-1.0,1.0,-0.3331438953202174,1.0,1.0,-0.659434186857174,1.0,-0.7177104039350287,1.0,-1.0,-1.0,-0.18716716783636195,0.1573249456678853,0.6567559500155054,-1.0,-1.0,-1.0,-1.0,-0.16680447969606443,-1.0,1.0,-1.0,-1.0,-0.7689397462432975,-1.0,-0.45686800321492527,0.30842976969495906,-1.0,-1.0,0.7339689704404746,0.8908955390149921,-1.0,1.0,-1.0,-1.0,-1.0,-1.0,-0.11208668311897207,0.5911154810263843,-0.49560432206932703,-1.0,1.0,-0.46262991793603503,-1.0,0.31015041484450506,1.0,-1.0,-1.0,-0.46898685629550385,1.0,-1.0,-0.9974283673364677,-1.0,0.5396102831484888,1.0,0.002645568497943753,-1.0,0.13169936811168115,0.059753126420626135,0.7291695419976364,1.0,-0.4141835994349386,0.07412474479149991,-0.6125266539881252,-0.1532462157239578,1.0,-1.0,1.0,-0.38783706219452363,0.77308897733534,1.0,-1.0,-1.0,1.0,1.0,-0.2143523192067276,0.6371971689642713,-1.0,-0.8332102847213438,-0.34179733259428446,0.14395434914149585,-1.0,0.1937036880728817,-0.8926043947797222,-0.1749105151796051,1.0,-1.0,-1.0,1.0,-0.6129418284890527,-0.7229250810354172,-0.3832278984084261,-0.6862235825323298,-0.06844630069397306,-0.1406650799100011,-1.0,0.4611071474979933,1.0,0.4277484522366719,-0.877945125833686,-1.0,0.17407446671305316,-0.8039633065836103,-0.5878175214172113,-0.795140422943591,-1.0,-0.2631385101635175,-0.8101928594181966,0.07297052487111755,1.0,-1.0,1.0,0.5116246852228133,1.0,0.9269169386866098,1.0,-0.14612771713883954,-1.0,-1.0,0.5374286374686406,-0.8555608783151091,-0.9348112728526276,-1.0,0.6283947334421471,-0.8609960981778414,0.3422246403046132,1.0,-0.060359543840004526,1.0,-0.45854238125512015,-0.9185901560695076,-1.0,0.5535423030538099,1.0,-1.0,-0.3220770991704016,0.4977359198912461,-0.33295942384159444,-1.0,1.0,1.0,-0.1682883060732807,-0.09169809804234552,0.003594482119090525,-1.0,-0.4469696694227199,1.0,-0.6114679580586784,-1.0,0.5874379347870953,1.0,1.0,-0.5550254793359375,0.36988586159480863,-0.40673510987350037,-1.0,-1.0,-0.22289925730931404,-1.0,0.5124551616759467,1.0,-1.0,-1.0,-0.5610610606399157,-0.36320306244333267,0.9480900554055918,1.0,-1.0,1.0,0.8069399354357722,1.0,1.0,-1.0,-1.0,-1.0,-0.5876510738399678,-1.0,1.0,0.5534432749079761,1.0,-1.0,-0.1588244117542657,-1.0,0.34409258810200605,-1.0,-1.0,0.45936290660199364,-0.2675079060168176,-0.4822680648114892,-1.0,-1.0,-0.8838122611765206,0.749560848424782,-1.0,0.7472678413473001,0.7778249686470287,0.7904955976569342,-0.5309695751094199,-0.8937109394950968,-0.9365118987772718,0.7426948947657037,0.16693637215885948,1.0,1.0,-0.18030479612169392,-1.0,-0.8143853399155849,0.8844770572167384,-1.0,-1.0,-0.4351668907259363,1.0,0.7940197834270262,1.0,0.8230702893717687,0.5500574902112814,-0.020122872216748577,0.9389669568360821,-1.0,-1.0,-1.0,-1.0,-1.0,-0.8069745406461368,-1.0,-1.0,0.2156435078739597,1.0,-0.28055724705500773,-0.1305904932232811,-1.0,-1.0,-1.0,-0.6018575539016315,1.0,-1.0,0.06230801989892565,1.0,0.47332424771752013,-0.2136630098977741,0.758439417168283,-1.0,0.5561752480528703,-0.8563449901825274,-1.0,-1.0,0.10877385490700497,-1.0
-0.9849323227291363,-0.9602136365194508,-1.0,-0.2658600575553362,-0.9685462651139667,1.0,0.9960200499091155,-1.0,-0.4166783456322922,-1.0,-1.0,-1.0,1.0,-0.9993216367487101,-1.0,0.9851019819478591,0.9998891037544275,-1.0,-1.0,-0.0848785101374145,0.9982712599881569,0.3416763671632942,0.9940791894262975,0.9918911071321656,-0.9902367919464001,-0.99130779038609,1.0,-1.0,1.0,1.0,0.34771810157609123,0.9696248252646946,-0.9952802383432261,0.9652236415456983,-0.985144918636789,-0.982257625182541,-1.0,0.9742379089219413,-0.9532002451702088,0.5088296382467787,1.0,1.0,1.0,-1.0,-0.984066328078414,1.0,-1.0,-0.39329311288492586,0.9916243457620338,-0.7245021381313698,-1.0,-1.0,-0.9959485545611817,1.0,-0.275381601999775,-0.9333858474496567,1.0,-0.9923295170603823,-1.0,1.0,0.10335740840161078,0.9751158779239487,1.0,1.0,0.9564197415481207,0.9900227732188778,-0.12209030349964956,-0.9840004274824578,-1.0,1.0,-1.0,1.0,1.0,1.0,1.0,1.0,-1.0,1.0,1.0,-1.0,-0.9889567974592374,1.0,-0.9932293016870519,-0.9895061055703015,-1.0,1.0,0.9777501831668298,-1.0,1.0,0.9898579354856971,-0.9961557745319222,-0.37370750417332005,1.0,-0.9789262138168099,0.9977202865521174,-0.9869337180391243,0.9997961341578036,0.999355262517233,0.9787189444913881,-0.9827192633884835,1.0,-1.0,-1.0,-0.9961825047731929,-0.9656460235420936,-1.0,0.973487603287835,-1.0,1.0,0.9959050266774232,0.9722304382896443,-1.0,1.0,-1.0,-1.0,1.0,-1.0,0.9711922430652697,-0.9887725350204208,1.0,-0.984032104111901,0.9694399233539247,-0.8830828669766773,-1.0,-0.8475218227483323,0.9515364486599339,0.33885854774512353,-0.5990945724724911,-1.0,-1.0,-0.9933505971156572,0.9941102303759752,0.9936346654403407,-0.9946024623219715,-1.0,0.819184974169315,-1.0,0.9635447176730845,1.0,0.9994699885073195,-0.9431397793613595,0.9872302374029976,0.5527093484420382,1.0,1.0,-0.9977711422861663,0.8700415010266895,-0.9906243446397313,-1.0,0.2194124884553259,-0.9923752434551391,0.9699686275901493,1.0,0.9824161298308866,0.9932312615717933,-0.8824098482758189,-0.3264193725433114,-0.08471140909262398,1.0,1.0,-0.9455978926460986,-0.9865658209232017,0.9939284812689609,-1.0,-1.0,1.0,1.0,-0.9581753817474973,-0.9812800999745115,-0.9492250213283402,0.9758059601065879,-0.9982877042996317,1.0,1.0,1.0,0.9701384053629906,1.0,-0.9775558593599577,1.0,-0.7619640272401923,1.0,-0.9077988997186127,-0.479692546240162,0.9984714732149123,-0.7509147590258185,-0.9529131039009623,-0.9962245345504208,0.9831195903046437,0.40813619088014064,1.0,1.0,0.6264323474543108,-1.0,0.9742226576019011,-0.994894222191454,-1.0,0.988771786678017,-0.9776669945029957,0.38594693688671,0.9905569092304805,1.0,0.99793404023083,0.9828803167507656,1.0,0.9648037069295807,1.0,0.9947794335106015,0.9776444863143673,-1.0,-1.0,1.0,-0.9998237637388546,-0.3367764406939929,1.0,-1.0,-0.8561638401360745,-1.0,1.0,-0.9940427867020954,0.9924537849739299,-0.08591363231762628,1.0,1.0,0.941930156128285,-1.0,1.0,0.14850460193597986,-0.9385581036731195,-0.9962052799247267,1.0,-1.0,0.9516640631167654,-0.04437104938519243,-0.9380391231476155,-0.9004987948540597,0.9921974210808946,-0.968634504317747,1.0,-0.9940053179019375,-0.9867825627517219,-0.995625635805527,-0.9966630903280063,0.9921055075046465,0.9957581304023576,1.0,-0.9791839226219057,-1.0,-0.9869541966612022,0.9643937528480859,1.0,0.9712129133236448,0.9985514772438806,0.9997797914270035,0.9871148303990243,-0.6378448361146082,0.9796620892243131,0.9819265539573944,-1.0,-0.9998873942102763,-0.9665918664153864,-0.7279751984363734,0.6632278495204674,1.0,1.0,-1.0
-1.0,-1.0,-1.0,-1.0,-0.14713519038571765,-1.0,-1.0,1.0,1.0,0.14526561959312922,0.6547306331392141,1.0,-1.0,-1.0,1.0,-1.0,-1.0,0.5450849282940098,-0.2326114147329834,1.0,-1.0,-1.0,1.0,-1.0,-0.6054680871060533,-1.0,1.0,1.0,1.0,1.0,-1.0,-0.053933759495973344,-0.6855922357048297,0.9990508424813529,1.0,-0.4974623336477669,-0.6553214803105781,-1.0,-0.09256585754563784,0.753160510515567,-1.0,-1.0,-1.0,-1.0,-1.0,-1.0,-1.0,-0.3816729459152599,0.043718732267641086,-0.9828648053499749,-1.0,-1.0,-0.6868319651013801,1.0,-1.0,1.0,1.0,-0.39984322727546245,1.0,-1.0,1.0,0.2622270534446548,0.5174946588122845,1.0,-0.9455135110282948,-0.20037092052542807,0.33198691402365876,1.0,1.0,0.23744560561568528,1.0,1.0,-1.0,-1.0,-1.0,1.0,-0.9199062887834113,-1.0,1.0,-1.0,-1.0,1.0,0.001685168851527974,0.6901369157073359,1.0,-0.9012027765582556,-1.0,-1.0,-0.6191586642971979,1.0,-0.5111799767283025,1.0,0.9988360129741126,0.5039018769655706,-1.0,0.8700506821430984,-1.0,-0.5056026158274901,-0.7106417496523123,1.0,1.0,-0.4837368604193333,-1.0,-1.0,0.9836096307407156,-1.0,1.0,-1.0,1.0,-1.0,0.603795843290062,1.0,1.0,-1.0,1.0,-1.0,-1.0,-0.30363321710067304,1.0,0.2892329285890871,0.5907790324818114,1.0,1.0,1.0,-1.0,-1.0,0.7371628989228642,-0.6686104473475644,-1.0,-0.9206710722173258,1.0,1.0,0.23196562707909882,-0.9964599463905398,1.0,1.0,0.4070427297308828,-1.0,1.0,-0.97915811492584,1.0,-1.0,1.0,1.0,-1.0,-1.0,1.0,1.0,-1.0,1.0,1.0,0.4536685437975978,0.9957478686876416,1.0,-1.0,0.9937399925129725,-0.031698233347136284,-0.06565566457375982,1.0,1.0,0.4610358480828627,0.5986606452952977,-1.0,0.4566304081602513,1.0,-1.0,-0.8350541964281077,1.0,0.18527434264313097,0.8417639429656378,-0.9785376854678157,1.0,-1.0,-0.9874134766028757,0.9067507641721164,1.0,1.0,-1.0,-1.0,-1.0,-1.0,1.0,-1.0,-1.0,1.0,-1.0,0.8948675712824099,-1.0,-1.0,-0.45794845453199384,1.0,-0.734546488397522,-1.0,-1.0,-0.04079039277479249,1.0,-1.0,-1.0,1.0,-1.0,1.0,1.0,1.0,-1.0,0.9221851524600335,0.07677639188622809,0.9956280772795807,0.8320870105103404,-1.0,1.0,1.0,1.0,-0.6303466195597252,-1.0,-0.5820766446422537,-1.0,0.1172435147169036,1.0,1.0,1.0,-1.0,1.0,1.0,1.0,1.0,1.0,-0.0918511998675069,1.0,1.0,-1.0,-1.0,1.0,1.0,-1.0,1.0,-0.9148538671021497,-0.7428380839411142,-0.9819704564574102,0.3824327049911844,-1.0,1.0,1.0,1.0,-1.0,-0.4381201018196887,-0.9977337908162394,0.606138020242481,1.0,1.0,-1.0,0.6513524504984346,-1.0,-0.2997797193646658,1.0,0.2224238182502385,1.0,1.0,1.0,1.0,0.16127864819471574,1.0,1.0,-1.0,1.0,-0.9666530851463454
-1.0,1.0,0.38003515996120063,-1.0,-1.0,-1.0,1.0,1.0,1.0,-0.024453106126634427,1.0,-1.0,0.9836222560167918,0.432363582311593,-1.0,1.0,-1.0,-0.8944675308074529,-1.0,-0.9976744806427005,1.0,1.0,-0.07114726595210685,0.7221893794167684,-1.0,1.0,1.0,0.5436169797215564,-1.0,-1.0,-1.0,-1.0,-0.7754838451457852,-1.0,0.14426466419789752,-0.971650684150521,0.2750805162397058,-1.0,-0.6759723109173961,0.19463199065402992,1.0,0.9194500578999821,-0.37627503633344894,0.9924110855123033,0.6669304652764636,1.0,-0.36451397672468866,-0.9013117541360398,-0.5736937964154458,-1.0,-1.0,-1.0,0.5338685283746663,-0.38877102666328733,1.0,-1.0,1.0,-1.0,-1.0,-1.0,-0.0013514519884398474,-0.7766475753998983,-1.0,-0.1911832683447583,-1.0,1.0,1.0,-1.0,1.0,-1.0,0.28555077199715595,0.999497887682848,-0.8365340351456194,-0.7211156731235053,1.0,1.0,-1.0,-0.5504669232508103,-1.0,0.42498724502966145,1.0,1.0,0.11420752779125404,-1.0,-1.0,-0.9835255182783906,-0.6950673880019529,1.0,-0.2538245400384598,1.0,0.8887885108554482,1.0,-0.21575467410443763,1.0,-0.5999248173247129,-1.0,-1.0,-0.8824079672243429,1.0,-0.025076107566695982,-0.9675377287060163,1.0,-1.0,-0.04496466634395291,-1.0,-1.0,0.9658862053810329,-1.0,1.0,1.0,1.0,-1.0,-0.9983081984328633,1.0,-1.0,0.9955634438026923,-0.634289831445699,1.0,-1.0,-1.0,0.4359837630863701,0.8788996401641065,-1.0,1.0,-1.0,-1.0,-1.0,0.1224149436731054,-1.0,-1.0,-1.0,-0.7149830574660534,-0.43754726954499057,-0.08114337024847185,-1.0,1.0,-0.6613507291463081,-0.9920626152534221,1.0,1.0,0.6890212857319238,-0.600553089174263,0.47283589756854993,-1.0,-0.278869096894108,1.0,1.0,-0.9567077498782552,-0.04942641796710978,1.0,0.585300431826987,-0.15224214026450822,-1.0,1.0,1.0,-1.0,0.3164293680344734,1.0,-0.3165745489651868,1.0,-0.009199618739668458,1.0,1.0,-1.0,-0.6218745805514778,0.2548976664557864,0.5711577448550256,0.6194253528042802,1.0,-1.0,1.0,-1.0,-1.0,-0.5282070072730964,-1.0,0.3461883123728402,-0.6734504284252679,1.0,-0.5527578706449044,1.0,-0.09138216554105683,-0.3059631873149078,-1.0,-0.27814783029338996,-1.0,1.0,1.0,1.0,1.0,-0.9496713121859548,-1.0,-1.0,-0.41276708738985135,-0.22928774766991067,-0.32300787194960756,1.0,1.0,0.02698378961713499,-0.0899672675927581,1.0,-1.0,-0.42455493503109343,1.0,0.9940888458022825,-0.35432007238679963,-1.0,-1.0,-1.0,-1.0,1.0,0.7740396394646041,-0.8290316656763672,1.0,0.7833940888141073,1.0,-1.0,1.0,-1.0,-1.0,1.0,-0.2402192097345106,-0.608685458665311,1.0,0.9900645187723988,1.0,0.024013220323065188,-1.0,1.0,-1.0,0.3507328084725023,0.03190433156562977,-1.0,0.5592827152806228,1.0,-1.0,-1.0,-1.0,0.8760576161361885,0.2426825262335317,-0.7844767106384338,-0.990049436130478,1.0,-1.0,0.9378852717107329,1.0,1.0,1.0,-0.3095304337984828,-1.0,1.0,-1.0,0.95668119020666,-0.8863948538112427,0.5095479415922788,-1.0,-1.0,-0.6230718947371433,-0.12448832243682517,-0.2566186487173161,-1.0,-1.0,-1.0,-1.0,1.0,-0.6255618095928115
-0.9778465303017511,0.9888117078628957,0.9814173424203042,-0.993398639888205,0.951438823227408,-1.0,-0.9724046516361156,-0.998966976864411,-0.9990411445121319,0.9985606561764836,1.0,-0.9833769049700397,-0.9803424193149652,-0.994424722773323,-1.0,-0.9820071524370539,-0.9954996631612644,0.5990274210599363,1.0,0.9732877519493647,-1.0,0.9980024454410624,0.9632353830312548,0.9955575283089537,0.9873252634365183,-0.9640810944344117,-1.0,-1.0,0.984210297404103,0.9885267046556562,-1.0,-0.9656060618132773,-0.9838848312545059,-1.0,-0.9934542420515032,0.9773233133738449,0.9462775985558717,1.0,1.0,-1.0,0.9947224275195804,1.0,-0.6347652438830553,1.0,-0.9783966758482198,1.0,0.9778343149375015,1.0,-1.0,1.0,0.9728121067232952,0.9747113498854173,0.8295354557611991,-0.9838466978947457,1.0,1.0,-0.9887133758852065,0.9959724147365283,-0.984326875428638,0.07915631666740419,-0.9992507885514229,0.9977415912623379,-0.9662778508792551,0.9719011442306839,0.9978742238376209,-0.9926185191418161,-1.0,-0.9955787511645958,-0.9878077376162026,-1.0,-0.9841751516724949,0.9940777017759059,-0.9769456920220401,0.9934919655297272,0.9778560056502394,0.9945049422175556,-0.9941488334864625,-0.9732809455381203,-1.0,1.0,-0.9969820114406123,-0.9407994332165014,-1.0,1.0,-0.9891013269577855,-1.0,-0.9957547648713666,-1.0,-0.9808680403201531,1.0,0.9771778229449322,-0.9967484685439835,0.9706230394104576,-0.9835568039182304,-1.0,1.0,-0.9800016555614398,1.0,0.9972758498133663,-1.0,0.7202322359698168,1.0,-0.9949446199576144,0.999961843095507,1.0,-1.0,0.9954769290330417,1.0,1.0,-0.9939128706272625,0.9464079063651605,-1.0,-0.9864925175533406,1.0,-1.0,-0.9924833660268485,0.9837938037415053,-0.8836316106518631,-1.0,-0.9994287012120696,-0.9926311273756946,0.986573124128947,-0.9972397274717316,-0.9998656616622844,1.0,-0.9821907494896971,-1.0,0.9934626111895365,0.9443821839983773,-1.0,0.9943007657406272,0.9939501408223391,0.9978230597795488,-0.9942563089579738,-1.0,1.0,-0.9551487440779863,1.0,-0.9838278563167079,-1.0,0.9932120877357459,1.0,-1.0,-0.9563175152889728,0.9986744815686601,0.9854451061995654,0.9583932600832067,1.0,-0.9853013152435564,-0.9497149097336276,1.0,-1.0,-1.0,-0.4084176854576612,-0.9905345507135008,0.9975521470103286,-0.7419965160649022,1.0,1.0,1.0,-0.9993400771808735,-1.0,1.0,-0.9654712448878616,1.0,0.995846313009823,-0.9977988955211375,1.0,0.9719159792651574,-0.9711144830342655,-0.7978681412622166,0.9902311776299879,1.0,-1.0,-0.9998614148283469,-1.0,0.9859895322052334,-1.0,0.8492457196207643,0.977775256092958,-0.15274797853542732,-0.08674723995099565,1.0,-0.991008237653754,0.9837589437042519,0.9913632336071504,-1.0,1.0,0.9888341841137174,-0.9882481730545583,1.0,0.9979300560818669,0.9967915025069551,-0.9938056009186361,1.0,-0.977621188770952,0.992601048067275,0.9993672102806124,0.978121892418751,0.7409992185624186,-1.0,-0.9924797211062242,-1.0,-0.399649634416626,-0.979178456512448,-1.0,-0.9899334815137023,-1.0,0.9964939877492069,0.22343605287847437,1.0,-1.0,-1.0,1.0,-1.0,1.0,-0.9980868940750629,0.1797155667688249,-0.9976824517799888,1.0,-0.9035707953886997,0.9994655871728244,1.0,-0.9881414780070531,1.0,-0.9907710640958153,-0.9810253797977536,-1.0,1.0,0.9987669558142295,1.0,-0.9803039253989814,-0.999344213832194,1.0,-1.0,-0.9850378388421627,-1.0,0.9974665101286115,1.0,-0.9954597967374491,-0.9905578880969305,-1.0,0.9856403798695743,-0.9955931633606274,1.0,0.997102354289799,-0.9692529115345722,-1.0,-1.0,-0.9822883787069381,-1.0,0.9893771569006591,0.9849367626514992,-0.9930931620001979,-0.9994209802295742,-0.9858610612003658,0.9955438521026053,0.9977958888812021,0.9998892828825087,0.9924415354538405,0.9916659322442724,-0.9860957716222832,0.976498150423927,0.9967972655501249,0.9807374573890062
-1.0,1.0,0.9906532709722956,0.8586249398726936,-1.0,-0.8982645505318361,-1.0,0.2597856569492256,-0.7579288801253536,0.9976134208772741,0.9958915953278843,-0.5404268248181201,-0.7554940080966202,0.41916481394886596,0.9571520462885067,-0.878061517179328,0.9898636342309871,0.97563904065989,0.3897385840710992,1.0,-0.999867233994602,1.0,-0.28836064213512286,0.5468027916191089,-1.0,-0.2900588927512595,-0.9873704762457124,-1.0,1.0,0.8490030724754258,-1.0,-1.0,-0.652964152237518,0.47833091273874295,0.9960924657640651,-0.9813763030376101,1.0,0.9869947724429621,1.0,-0.04447007801741021,1.0,0.14003916247569714,-0.3195688537922026,0.7712481894023517,-1.0,-0.1438300545156106,-0.6993498072535482,-1.0,0.997996532525793,0.9900461155461213,0.38252706786918367,1.0,-1.0,-1.0,0.9968345460764684,0.996134218142106,1.0,-1.0,1.0,0.6326804912947808,-1.0,0.9831576991253308,0.722328538775295,-0.32953755528857387,-0.9869995621555183,-1.0,0.208758537162961,0.4854105839986001,1.0,0.9873056199927208,-0.5427043116505318,-1.0,-0.05363180810102519,0.9986848609951396,0.8800878222372224,1.0,0.5625093686771362,0.9925604780241519,-0.9903133477886593,1.0,-0.9878854654442277,-0.9888847561276741,1.0,-1.0,1.0,-0.42228892146369346,1.0,-0.9970541339419335,0.8661300536843082,0.9899897732048185,0.5767881621029882,-1.0,1.0,-1.0,0.9896937249526941,-0.9946426257750498,-0.9951200271382447,1.0,-1.0,0.9945655861955938,-0.9812155203574064,0.9781481281446877,-0.9666485746501713,0.9981233549969567,-1.0,0.5648939267112849,1.0,0.9510623056337505,-0.6588832548988985,1.0,-1.0,-1.0,0.9544961024609722,-0.9803942278882878,-1.0,-0.9971975346235293,1.0,0.389400007165767,1.0,0.7465413129971294,1.0,-1.0,-1.0,-1.0,-0.24846508360135372,-0.9297342192910054,-0.9948926907132871,0.0070049943645554,0.9929944291690851,0.7919552003275204,-0.1196369580391649,1.0,0.9998086338271043,1.0,0.9886324654493909,1.0,-1.0,0.48547309735031025,-1.0,1.0,-1.0,1.0,-0.7918191934973273,0.969356315859706,-0.9994580453035493,0.9936768423019374,0.6515755439285039,-0.9802905239900288,-0.994949856865185,-1.0,0.7082378520251923,-0.9816984372718814,-0.39190885702073475,-0.7718218369273995,0.9896470647682128,-1.0,0.9784188474478245,0.9826424532768839,-0.8762837788659537,-0.22036619045131922,0.992494121578466,-0.9926179818129952,-1.0,1.0,0.552312536244584,0.9969862851476581,-0.9980435037269753,0.9804090572593053,0.9944944279430912,-0.9976606955531131,0.8704615707868988,1.0,-0.8828729664235812,0.8632662906428294,0.7110029678582691,-0.9989185480430439,0.5264996527641028,0.5856762655028034,-1.0,0.6220937471328726,-1.0,0.9960461021587327,0.9952791955192272,0.6634747787547477,1.0,-0.6349806164266945,-0.9866912356431047,0.9944967150429732,-0.3032330127420193,-0.9625467386840836,0.9982583926860052,-0.9830884634091155,-0.49898304129078075,0.9877054029964571,-0.9249322601672207,-0.719073637332492,-1.0,-0.9988863063045714,-0.21216657104525483,-0.9976041566347355,0.9882217532683596,-0.33702503944168605,-0.9709729755607149,1.0,1.0,-0.9941179363902581,-0.9786482524439866,-1.0,-1.0,0.9751913953671493,1.0,1.0,-1.0,1.0,-0.9845181303330441,-1.0,0.8565485953754844,-1.0,-0.9987530687175149,0.8843687851603672,-1.0,-0.9561415104277111,0.9851194317020091,-0.984722185795738,-1.0,-0.9878931306779037,0.1404487460761118,-1.0,1.0,1.0,-0.9704521903883959,0.9898439383639975,-1.0,1.0,-0.6073698350753196,-1.0,-0.9348663892281104,1.0,-0.9988129667220831,-0.9007665972342466,0.9921734995911324,0.9970716018953845,-1.0,0.9960158715303339,1.0,-1.0,-0.9987371910491043,-0.9940619583611074,-0.8465108979716568,-1.0,-1.0,-0.2249300051727881,1.0,1.0,-1.0,0.9815500686219377,-0.538337979830205,1.0,1.0,0.9804737478610512,0.2757286450777401,-1.0,0.9883198487635126,0.9948006641717124,-1.0
1.0,1.0,-1.0,1.0,-0.6299249808511964,-0.7675920582679892,-0.9791152352678217,1.0,0.6411123549168396,1.0,-0.8734577510596545,1.0,1.0,-1.0,1.0,1.0,1.0,-1.0,-1.0,1.0,-1.0,-1.0,1.0,-1.0,-1.0,1.0,0.9393632710139913,1.0,-0.45764664039119046,1.0,-1.0,-1.0,1.0,1.0,-1.0,1.0,1.0,0.2398044417504374,-1.0,-1.0,-1.0,1.0,1.0,0.8977716432079859,0.052793422198917306,1.0,-1.0,-0.953646529820164,-1.0,1.0,0.9876020988203625,-1.0,-1.0,0.9894498571097254,1.0,1.0,1.0,1.0,-1.0,1.0,-1.0,-1.0,-1.0,1.0,1.0,-1.0,0.4870796494464026,0.7584166479201635,-1.0,-1.0,-1.0,0.9862879556743983,-1.0,1.0,1.0,-1.0,1.0,1.0,0.9850100145434296,1.0,-1.0,0.3485294824244566,-1.0,-0.9852026337868017,1.0,1.0,-1.0,1.0,0.8566209655262057,-1.0,1.0,1.0,-0.9873763327924742,1.0,-1.0,1.0,1.0,-1.0,1.0,1.0,0.8182385550977356,-1.0,1.0,1.0,1.0,0.5570082165702164,-0.9948293030819437,-1.0,0.9356709112843982,-1.0,1.0,-0.02393571249994242,1.0,0.8392097189616476,-0.83010926440695,-1.0,-0.9842921107889497,-1.0,-1.0,1.0,-0.7648277991239265,-1.0,1.0,1.0,0.9971408811376381,1.0,1.0,-1.0,-1.0,1.0,1.0,-1.0,1.0,-1.0,-1.0,-1.0,0.8437828341516129,-1.0,1.0,-1.0,1.0,-0.29101613096909634,-0.9997932733730416,1.0,0.36569311996053466,-1.0,-1.0,-1.0,1.0,-1.0,0.028263908851815178,0.5510541647714202,1.0,1.0,-0.9983885163529678,0.1001755601569697,1.0,1.0,1.0,-0.7927775902195989,1.0,1.0,-1.0,-1.0,1.0,-0.9842872101289986,-1.0,1.0,0.9997652197480169,1.0,0.7443409154017566,0.9805249588260782,1.0,-1.0,0.47296669879919995,-0.5780095064482044,-0.9025705995299222,1.0,-1.0,-1.0,-1.0,-0.9347070818341272,-1.0,-0.2180569632599656,-1.0,-1.0,1.0,1.0,0.3157166130789486,-1.0,-1.0,0.41108815221333245,-1.0,-1.0,-1.0,1.0,1.0,-1.0,-0.0989063503399259,1.0,-1.0,-1.0,0.10810889693086907,0.5078985863895532,-1.0,1.0,-1.0,-0.9939232495157777,-0.25878110455419673,0.036939488371701946,-1.0,-1.0,1.0,-0.9960573787649502,1.0,1.0,-0.9933996977769199,1.0,-0.9943202566079762,1.0,1.0,-1.0,-1.0,1.0,1.0,1.0,1.0,-1.0,1.0,-0.1106171766269417,-0.6102795915960509,1.0,-1.0,0.998969151482751,-0.9974123988878251,-1.0,-0.931714788074956,-1.0,-1.0,0.8369761136125313,-1.0,1.0,0.3172573752543468,0.728431503579656,1.0,0.9823453112585546,1.0,-1.0,-1.0,-0.8433852619209365,1.0,0.6132190094381991,1.0,0.5499280678967847,-1.0,-1.0,-1.0,0.8600425670871403,1.0,0.22170659683390204,-0.9946187672501828,-1.0,1.0,0.5536173634746543,1.0
-1.0,-1.0,0.06961585345838883,0.11823207914969158,-1.0,-0.4868979035953853,-1.0,1.0,1.0,1.0,-1.0,0.7038134918542466,1.0,-1.0,0.29623140939196474,1.0,0.20748485514256088,0.9838340661153341,-1.0,-0.825201522824358,-0.28851318879786525,1.0,1.0,-1.0,0.6512507128807132,-1.0,1.0,1.0,0.47966465951347614,-1.0,-0.24817730303458996,-0.053925877900345295,1.0,0.8389196800358882,-1.0,-1.0,-1.0,1.0,1.0,-1.0,-1.0,0.4609312492475982,-1.0,-0.9550918024143,0.22513062873819334,1.0,1.0,-1.0,-1.0,-1.0,-0.8987764734676875,-1.0,1.0,1.0,1.0,1.0,0.06517018765868227,-0.6330949978354623,0.21646548278998834,-1.0,1.0,1.0,0.630715626137385,1.0,1.0,-0.8886714327071868,-1.0,-0.0966465658871094,-0.9792541032342424,1.0,1.0,-0.16661419244339787,1.0,-0.45368762924194384,-1.0,1.0,-1.0,-0.6087611030564672,1.0,1.0,-1.0,-0.4147089756059663,1.0,0.19580506891285931,-1.0,0.9949248659990287,-1.0,1.0,1.0,1.0,-0.7194546089231699,-1.0,1.0,0.3364294577995082,-0.21085058807553753,-0.9874207706820539,1.0,1.0,1.0,1.0,1.0,1.0,-1.0,-1.0,0.7564381138920364,-0.6878598198092173,-1.0,0.21207855189917607,-1.0,-0.6247716972117405,-0.6208386890946758,0.49401580976127923,-0.7784192968484343,1.0,-1.0,1.0,-1.0,1.0,-1.0,-1.0,-1.0,1.0,1.0,-1.0,1.0,-1.0,-1.0,-1.0,1.0,-1.0,-0.9135381256791798,-0.9774083295068834,-1.0,1.0,-1.0,-1.0,-1.0,1.0,-1.0,-1.0,-0.3919945577894397,-0.8196076369063685,-0.019653356006347766,0.5136546996823615,-1.0,0.7564672190274285,1.0,0.09628704554475132,1.0,1.0,1.0,-1.0,1.0,-1.0,-0.8349579564560529,-1.0,1.0,-0.2672276909680096,-1.0,-1.0,1.0,1.0,-1.0,-1.0,-1.0,1.0,-1.0,0.040800862481069955,-1.0,0.48810675653268465,-1.0,1.0,1.0,1.0,1.0,0.5959618669228304,-1.0,1.0,-0.7817152518755395,1.0,1.0,0.5295354291381531,0.219240644814635,1.0,-0.37494853044265325,1.0,-0.7172157808371902,-1.0,-0.749389618677142,-1.0,-0.3144233646754999,1.0,1.0,-1.0,1.0,0.5622813106458895,1.0,-1.0,-1.0,1.0,0.9861224853349557,1.0,0.42939557620000857,-1.0,0.16222757237462426,0.8091712990725024,1.0,-1.0,-1.0,1.0,1.0,0.3353113475175252,1.0,-0.004318838073932518,1.0,1.0,0.7771314142325392,-0.18667159600017547,-1.0,1.0,1.0,-0.8305853310988627,-1.0,0.15521561665704287,-1.0,-1.0,-1.0,0.8827019343254863,1.0,-1.0,-1.0,-1.0,-1.0,-1.0,0.5222019314745031,1.0,1.0,0.8061288096932027,1.0,-1.0,-0.4285990594336557,1.0,-0.11737393867657109,1.0,0.7744859766985572,-1.0,-1.0,-0.9966311424605262,-1.0,1.0,-1.0,1.0,0.713009351856945,0.026379943356986346,-1.0,-0.09779937309024145,-1.0,0.7100603862420041,1.0,1.0,-1.0,-1.0,-1.0,-0.4808331671175142,1.0
